RECIPE NAME,RECIPE CODE,CATEGORY,RESTAURANT,FINAL PRICE,MERIDES,HIDE FROM APP,RECIPE INGREDIENTS,RECIPE COST,RECIPE COST composite,RECIPE COST / MERIDES,VAT,VAT 13%,VAT 13% composite,TOTAL,TOTAL/MERIDA,TOTAL / MERIDA composite,x3,x4,INGREDIENTS,OIK104 MENU INGREDIENTS,OIK104 MENU INGREDIENTS copy,OIK104 MENU INGREDIENTS copy,OIK512 MENU_,COMMON OR REMOVE (from OIK512 MENU_),OIK104 MENU INGREDIENTS copy,OIK104 MENU INGREDIENTS copy
BIANCO,,ΕΛΛΗΝΙΚΑ ΠΑΡΑΔΟΣΙΑΚΑ,OIK104,"€0,0",1,,"BIANCO,BIANCO,BIANCO,BIANCO,BIANCO,BIANCO,BIANCO,BIANCO","1,07","1,07","1,07",13,"0,14","0,14","1,21","1,21","1,21","3,62","4,82",,,,,BIANCO,,"BIANCO, BIANCO, BIANCO, BIANCO, BIANCO, BIANCO, BIANCO",
DRESSING ΣΑΛΑΤΑ ΟΣΠΡΙΩΝ,,ΕΝΔΙΑΜΕΣΑ,OIK104,,1,,"DRESSING ΣΑΛΑΤΑ ΟΣΠΡΙΩΝ,DRESSING ΣΑΛΑΤΑ ΟΣΠΡΙΩΝ,DRESSING ΣΑΛΑΤΑ ΟΣΠΡΙΩΝ,DRESSING ΣΑΛΑΤΑ ΟΣΠΡΙΩΝ,DRESSING ΣΑΛΑΤΑ ΟΣΠΡΙΩΝ,DRESSING ΣΑΛΑΤΑ ΟΣΠΡΙΩΝ","0,53","0,53","0,53",13,"0,07","0,07","0,60","0,60","0,60","1,79","2,39",DRESSING ΣΑΛΑΤΑ ΟΣΠΡΙΩΝ,,,,DRESSING ΣΑΛΑΤΑ ΟΣΠΡΙΩΝ,,"DRESSING ΣΑΛΑΤΑ ΟΣΠΡΙΩΝ, DRESSING ΣΑΛΑΤΑ ΟΣΠΡΙΩΝ, DRESSING ΣΑΛΑΤΑ ΟΣΠΡΙΩΝ, DRESSING ΣΑΛΑΤΑ ΟΣΠΡΙΩΝ, DRESSING ΣΑΛΑΤΑ ΟΣΠΡΙΩΝ, DRESSING ΣΑΛΑΤΑ ΟΣΠΡΙΩΝ",
DRESSING ΣΑΛΑΤΑ ΤΣΑΛΑΦΟΥΤΙ,,ΕΝΔΙΑΜΕΣΑ,OIK104,,1,,"DRESSING ΣΑΛΑΤΑ ΤΣΑΛΑΦΟΥΤΙ,DRESSING ΣΑΛΑΤΑ ΤΣΑΛΑΦΟΥΤΙ,DRESSING ΣΑΛΑΤΑ ΤΣΑΛΑΦΟΥΤΙ,DRESSING ΣΑΛΑΤΑ ΤΣΑΛΑΦΟΥΤΙ,DRESSING ΣΑΛΑΤΑ ΤΣΑΛΑΦΟΥΤΙ,DRESSING ΣΑΛΑΤΑ ΤΣΑΛΑΦΟΥΤΙ","0,93","0,93","0,93",13,"0,12","0,12","1,05","1,05","1,05","3,14","4,19",DRESSING ΣΑΛΑΤΑ ΤΣΑΛΑΦΟΥΤΙ,,,,DRESSING ΣΑΛΑΤΑ ΤΣΑΛΑΦΟΥΤΙ,,"DRESSING ΣΑΛΑΤΑ ΤΣΑΛΑΦΟΥΤΙ, DRESSING ΣΑΛΑΤΑ ΤΣΑΛΑΦΟΥΤΙ, DRESSING ΣΑΛΑΤΑ ΤΣΑΛΑΦΟΥΤΙ, DRESSING ΣΑΛΑΤΑ ΤΣΑΛΑΦΟΥΤΙ, DRESSING ΣΑΛΑΤΑ ΤΣΑΛΑΦΟΥΤΙ, DRESSING ΣΑΛΑΤΑ ΤΣΑΛΑΦΟΥΤΙ",
MEDALLION,,ΤΥΡΙΑ,OIK104,,1,,MEDALLION,"0,88","0,88","0,88",13,"0,11","0,11","0,99","0,99","0,99","2,97","3,96",,,,,MEDALLION,,MEDALLION,
REZZANO,,ΤΥΡΙΑ,OIK104,,1,,REZZANO,"1,01","1,01","1,01",13,"0,13","0,13","1,14","1,14","1,14","3,42","4,56",,,,,REZZANO,,REZZANO,
TΣΑΛΑΦΟΥΤΙ,,ΤΥΡΙΑ,OIK104,,1,,TΣΑΛΑΦΟΥΤΙ,"0,28","0,28","0,28",13,"0,04","0,04","0,31","0,31","0,31","0,93","1,24",,,,,TΣΑΛΑΦΟΥΤΙ,,TΣΑΛΑΦΟΥΤΙ,
VEGAN CHEESECAKE 16ΜΕΡΙΔΕΣ (1600GR),,ΕΠΙΔΟΡΠΙΑ,OIK104,"€7,0",16,,"VEGAN CHEESECAKE 16ΜΕΡΙΔΕΣ (1600GR),VEGAN CHEESECAKE 16ΜΕΡΙΔΕΣ (1600GR),VEGAN CHEESECAKE 16ΜΕΡΙΔΕΣ (1600GR),VEGAN CHEESECAKE 16ΜΕΡΙΔΕΣ (1600GR),VEGAN CHEESECAKE 16ΜΕΡΙΔΕΣ (1600GR),VEGAN CHEESECAKE 16ΜΕΡΙΔΕΣ (1600GR),VEGAN CHEESECAKE 16ΜΕΡΙΔΕΣ (1600GR),VEGAN CHEESECAKE 16ΜΕΡΙΔΕΣ (1600GR),VEGAN CHEESECAKE 16ΜΕΡΙΔΕΣ (1600GR),VEGAN CHEESECAKE 16ΜΕΡΙΔΕΣ (1600GR)","8,82","8,82","0,55",13,"1,15","1,15","9,97","0,62","0,62","1,87","2,49",ΧΟΙΡΙΝΗ ΛΑΙΜΟΥ,,,,VEGAN CHEESECAKE 16ΜΕΡΙΔΕΣ (1600GR),,"VEGAN CHEESECAKE 16ΜΕΡΙΔΕΣ (1600GR), VEGAN CHEESECAKE 16ΜΕΡΙΔΕΣ (1600GR), VEGAN CHEESECAKE 16ΜΕΡΙΔΕΣ (1600GR), VEGAN CHEESECAKE 16ΜΕΡΙΔΕΣ (1600GR), VEGAN CHEESECAKE 16ΜΕΡΙΔΕΣ (1600GR), VEGAN CHEESECAKE 16ΜΕΡΙΔΕΣ (1600GR), VEGAN CHEESECAKE 16ΜΕΡΙΔΕΣ (1600GR), VEGAN CHEESECAKE 16ΜΕΡΙΔΕΣ (1600GR), VEGAN CHEESECAKE 16ΜΕΡΙΔΕΣ (1600GR), VEGAN CHEESECAKE 16ΜΕΡΙΔΕΣ (1600GR), VEGAN CHEESECAKE 16ΜΕΡΙΔΕΣ (1600GR)",
ΑΡΝΑΚΙ ΓΙΟΥΒΕΤΣΙ,,ΕΛΛΗΝΙΚΑ ΠΑΡΑΔΟΣΙΑΚΑ,OIK104,,1,,"ΑΡΝΑΚΙ ΓΙΟΥΒΕΤΣΙ,ΑΡΝΑΚΙ ΓΙΟΥΒΕΤΣΙ,ΑΡΝΑΚΙ ΓΙΟΥΒΕΤΣΙ,ΑΡΝΑΚΙ ΓΙΟΥΒΕΤΣΙ,ΑΡΝΑΚΙ ΓΙΟΥΒΕΤΣΙ,ΑΡΝΑΚΙ ΓΙΟΥΒΕΤΣΙ,ΑΡΝΑΚΙ ΓΙΟΥΒΕΤΣΙ,ΑΡΝΑΚΙ ΓΙΟΥΒΕΤΣΙ,ΑΡΝΑΚΙ ΓΙΟΥΒΕΤΣΙ,ΑΡΝΑΚΙ ΓΙΟΥΒΕΤΣΙ,ΑΡΝΑΚΙ ΓΙΟΥΒΕΤΣΙ,ΑΡΝΑΚΙ ΓΙΟΥΒΕΤΣΙ","20,90","20,90","20,90",13,"2,72","2,72","23,62","23,62","23,62","70,87","94,49",,,,,ΑΡΝΑΚΙ ΓΙΟΥΒΕΤΣΙ,,"ΑΡΝΑΚΙ ΓΙΟΥΒΕΤΣΙ, ΑΡΝΑΚΙ ΓΙΟΥΒΕΤΣΙ, ΑΡΝΑΚΙ ΓΙΟΥΒΕΤΣΙ, ΑΡΝΑΚΙ ΓΙΟΥΒΕΤΣΙ, ΑΡΝΑΚΙ ΓΙΟΥΒΕΤΣΙ, ΑΡΝΑΚΙ ΓΙΟΥΒΕΤΣΙ, ΑΡΝΑΚΙ ΓΙΟΥΒΕΤΣΙ, ΑΡΝΑΚΙ ΓΙΟΥΒΕΤΣΙ, ΑΡΝΑΚΙ ΓΙΟΥΒΕΤΣΙ, ΑΡΝΑΚΙ ΓΙΟΥΒΕΤΣΙ, ΑΡΝΑΚΙ ΓΙΟΥΒΕΤΣΙ, ΑΡΝΑΚΙ ΓΙΟΥΒΕΤΣΙ",
ΑΡΝΑΚΙ ΦΡΙΚΑΣΕ 2ΚΙΛΑ,,ΕΛΛΗΝΙΚΑ ΠΑΡΑΔΟΣΙΑΚΑ,OIK104,,1,,"ΑΡΝΑΚΙ ΦΡΙΚΑΣΕ 2ΚΙΛΑ,ΑΡΝΑΚΙ ΦΡΙΚΑΣΕ 2ΚΙΛΑ,ΑΡΝΑΚΙ ΦΡΙΚΑΣΕ 2ΚΙΛΑ,ΑΡΝΑΚΙ ΦΡΙΚΑΣΕ 2ΚΙΛΑ,ΑΡΝΑΚΙ ΦΡΙΚΑΣΕ 2ΚΙΛΑ,ΑΡΝΑΚΙ ΦΡΙΚΑΣΕ 2ΚΙΛΑ,ΑΡΝΑΚΙ ΦΡΙΚΑΣΕ 2ΚΙΛΑ,ΑΡΝΑΚΙ ΦΡΙΚΑΣΕ 2ΚΙΛΑ,ΑΡΝΑΚΙ ΦΡΙΚΑΣΕ 2ΚΙΛΑ,ΑΡΝΑΚΙ ΦΡΙΚΑΣΕ 2ΚΙΛΑ,ΑΡΝΑΚΙ ΦΡΙΚΑΣΕ 2ΚΙΛΑ","18,97","18,97","18,97",13,"2,47","2,47","21,44","21,44","21,44","64,32","85,76",,,,,ΑΡΝΑΚΙ ΦΡΙΚΑΣΕ 2ΚΙΛΑ,,"ΑΡΝΑΚΙ ΦΡΙΚΑΣΕ 2ΚΙΛΑ, ΑΡΝΑΚΙ ΦΡΙΚΑΣΕ 2ΚΙΛΑ, ΑΡΝΑΚΙ ΦΡΙΚΑΣΕ 2ΚΙΛΑ, ΑΡΝΑΚΙ ΦΡΙΚΑΣΕ 2ΚΙΛΑ, ΑΡΝΑΚΙ ΦΡΙΚΑΣΕ 2ΚΙΛΑ, ΑΡΝΑΚΙ ΦΡΙΚΑΣΕ 2ΚΙΛΑ, ΑΡΝΑΚΙ ΦΡΙΚΑΣΕ 2ΚΙΛΑ, ΑΡΝΑΚΙ ΦΡΙΚΑΣΕ 2ΚΙΛΑ, ΑΡΝΑΚΙ ΦΡΙΚΑΣΕ 2ΚΙΛΑ, ΑΡΝΑΚΙ ΦΡΙΚΑΣΕ 2ΚΙΛΑ, ΑΡΝΑΚΙ ΦΡΙΚΑΣΕ 2ΚΙΛΑ",
ΑΡΝΙ ΚΟΤΣΙ,,ΕΛΛΗΝΙΚΑ ΠΑΡΑΔΟΣΙΑΚΑ,OIK104,"€16,0",1,,"ΑΡΝΙ ΚΟΤΣΙ,ΑΡΝΙ ΚΟΤΣΙ","2,58","2,58","2,58",13,"0,34","0,34","2,92","2,92","2,92","8,75","11,67",,,,,ΑΡΝΙ ΚΟΤΣΙ,,"ΑΡΝΙ ΚΟΤΣΙ, ΑΡΝΙ ΚΟΤΣΙ",
ΒΑΦΛΑ,,ΕΝΔΙΑΜΕΣΑ,OIK512,,13,,"ΒΑΦΛΑ,ΒΑΦΛΑ,ΒΑΦΛΑ,ΒΑΦΛΑ","26,92","26,92","2,07",13,"3,50","3,50","30,42","2,34","2,34","7,02","9,36",ΒΑΦΛΑ,,,,,,"ΒΑΦΛΑ, ΒΑΦΛΑ, ΒΑΦΛΑ, ΒΑΦΛΑ",
ΒΑΦΛΑ ΝΟΥΤΕΛΑ,,ΠΡΩΙΝΟ,OIK512,,1,,"ΒΑΦΛΑ ΝΟΥΤΕΛΑ,ΒΑΦΛΑ ΝΟΥΤΕΛΑ","0,23","2,57","2,57",13,"0,03","0,33","2,90","0,26","2,90","8,70","11,60",,,,,,,,
ΒΟΤΑΝΟΤΥΡΑΚΙΑ,,ΤΥΡΙΑ,OIK104,,1,,ΒΟΤΑΝΟΤΥΡΑΚΙΑ,"0,00","0,00","0,00",13,"0,00","0,00","0,00","0,00","0,00","0,00","0,00",,,,,ΒΟΤΑΝΟΤΥΡΑΚΙΑ,,ΒΟΤΑΝΟΤΥΡΑΚΙΑ,
ΓΑΛΑΚΤΟΜΠΟΥΡΕΚΟ 20 ΜΕΡΙΔΕΣ,,ΕΠΙΔΟΡΠΙΑ,OIK104,"€7,0",20,,"ΓΑΛΑΚΤΟΜΠΟΥΡΕΚΟ 20 ΜΕΡΙΔΕΣ,ΓΑΛΑΚΤΟΜΠΟΥΡΕΚΟ 20 ΜΕΡΙΔΕΣ,ΓΑΛΑΚΤΟΜΠΟΥΡΕΚΟ 20 ΜΕΡΙΔΕΣ,ΓΑΛΑΚΤΟΜΠΟΥΡΕΚΟ 20 ΜΕΡΙΔΕΣ,ΓΑΛΑΚΤΟΜΠΟΥΡΕΚΟ 20 ΜΕΡΙΔΕΣ,ΓΑΛΑΚΤΟΜΠΟΥΡΕΚΟ 20 ΜΕΡΙΔΕΣ,ΓΑΛΑΚΤΟΜΠΟΥΡΕΚΟ 20 ΜΕΡΙΔΕΣ,ΓΑΛΑΚΤΟΜΠΟΥΡΕΚΟ 20 ΜΕΡΙΔΕΣ,ΓΑΛΑΚΤΟΜΠΟΥΡΕΚΟ 20 ΜΕΡΙΔΕΣ,ΓΑΛΑΚΤΟΜΠΟΥΡΕΚΟ 20 ΜΕΡΙΔΕΣ,ΓΑΛΑΚΤΟΜΠΟΥΡΕΚΟ 20 ΜΕΡΙΔΕΣ","14,79","14,79","0,74",13,"1,92","1,92","16,71","0,84","0,84","2,51","3,34",,,,,ΓΑΛΑΚΤΟΜΠΟΥΡΕΚΟ 20 ΜΕΡΙΔΕΣ,,"ΓΑΛΑΚΤΟΜΠΟΥΡΕΚΟ 20 ΜΕΡΙΔΕΣ, ΓΑΛΑΚΤΟΜΠΟΥΡΕΚΟ 20 ΜΕΡΙΔΕΣ, ΓΑΛΑΚΤΟΜΠΟΥΡΕΚΟ 20 ΜΕΡΙΔΕΣ, ΓΑΛΑΚΤΟΜΠΟΥΡΕΚΟ 20 ΜΕΡΙΔΕΣ, ΓΑΛΑΚΤΟΜΠΟΥΡΕΚΟ 20 ΜΕΡΙΔΕΣ, ΓΑΛΑΚΤΟΜΠΟΥΡΕΚΟ 20 ΜΕΡΙΔΕΣ, ΓΑΛΑΚΤΟΜΠΟΥΡΕΚΟ 20 ΜΕΡΙΔΕΣ, ΓΑΛΑΚΤΟΜΠΟΥΡΕΚΟ 20 ΜΕΡΙΔΕΣ, ΓΑΛΑΚΤΟΜΠΟΥΡΕΚΟ 20 ΜΕΡΙΔΕΣ, ΓΑΛΑΚΤΟΜΠΟΥΡΕΚΟ 20 ΜΕΡΙΔΕΣ, ΓΑΛΑΚΤΟΜΠΟΥΡΕΚΟ 20 ΜΕΡΙΔΕΣ",
ΓΑΛΑΤΟΠΙΤΑ 8 ΜΕΡΙΔΕΣ,,ΠΡΩΙΝΟ,OIK512,,8,,"ΓΑΛΑΤΟΠΙΤΑ 8 ΜΕΡΙΔΕΣ,ΓΑΛΑΤΟΠΙΤΑ 8 ΜΕΡΙΔΕΣ,ΓΑΛΑΤΟΠΙΤΑ 8 ΜΕΡΙΔΕΣ,ΓΑΛΑΤΟΠΙΤΑ 8 ΜΕΡΙΔΕΣ,ΓΑΛΑΤΟΠΙΤΑ 8 ΜΕΡΙΔΕΣ,ΓΑΛΑΤΟΠΙΤΑ 8 ΜΕΡΙΔΕΣ,ΓΑΛΑΤΟΠΙΤΑ 8 ΜΕΡΙΔΕΣ,ΓΑΛΑΤΟΠΙΤΑ 8 ΜΕΡΙΔΕΣ","5,55","5,55","0,69",13,"0,72","0,72","6,27","0,78","0,78","2,35","3,14",,,,,,,,
ΓΑΡΙΔΕΣ ΜΕΘΥΣΜΕΝΕΣ (ΣΑΓΑΝΑΚΙ) 3ΜΕΡΙΔΕΣ,,ΟΡΕΚΤΙΚΑ,OIK104,,1,,"ΓΑΡΙΔΕΣ ΜΕΘΥΣΜΕΝΕΣ (ΣΑΓΑΝΑΚΙ) 3ΜΕΡΙΔΕΣ,ΓΑΡΙΔΕΣ ΜΕΘΥΣΜΕΝΕΣ (ΣΑΓΑΝΑΚΙ) 3ΜΕΡΙΔΕΣ,ΓΑΡΙΔΕΣ ΜΕΘΥΣΜΕΝΕΣ (ΣΑΓΑΝΑΚΙ) 3ΜΕΡΙΔΕΣ","2,38","2,38","2,38",13,"0,31","0,31","2,68","2,68","2,68","8,05","10,74",,,,,ΓΑΡΙΔΕΣ ΜΕΘΥΣΜΕΝΕΣ (ΣΑΓΑΝΑΚΙ) 3ΜΕΡΙΔΕΣ,,"ΓΑΡΙΔΕΣ ΜΕΘΥΣΜΕΝΕΣ (ΣΑΓΑΝΑΚΙ) 3ΜΕΡΙΔΕΣ, ΓΑΡΙΔΕΣ ΜΕΘΥΣΜΕΝΕΣ (ΣΑΓΑΝΑΚΙ) 3ΜΕΡΙΔΕΣ, ΓΑΡΙΔΕΣ ΜΕΘΥΣΜΕΝΕΣ (ΣΑΓΑΝΑΚΙ) 3ΜΕΡΙΔΕΣ",
ΓΑΡΙΔΟΜΑΚΑΡΟΝΑΔΑ,,ΠΑΣΤΕΣ - ΡΙΖΟΤΑ,OIK104,"€12,0",1,,"ΓΑΡΙΔΟΜΑΚΑΡΟΝΑΔΑ,ΓΑΡΙΔΟΜΑΚΑΡΟΝΑΔΑ,ΓΑΡΙΔΟΜΑΚΑΡΟΝΑΔΑ,ΓΑΡΙΔΟΜΑΚΑΡΟΝΑΔΑ,ΓΑΡΙΔΟΜΑΚΑΡΟΝΑΔΑ","1,46","1,46","1,46",13,"0,19","0,19","1,65","1,65","1,65","4,95","6,60",,,,,ΓΑΡΙΔΟΜΑΚΑΡΟΝΑΔΑ,,"ΓΑΡΙΔΟΜΑΚΑΡΟΝΑΔΑ, ΓΑΡΙΔΟΜΑΚΑΡΟΝΑΔΑ, ΓΑΡΙΔΟΜΑΚΑΡΟΝΑΔΑ, ΓΑΡΙΔΟΜΑΚΑΡΟΝΑΔΑ, ΓΑΡΙΔΟΜΑΚΑΡΟΝΑΔΑ",
ΓΑΥΡΟΣ ΜΑΡΙΝΑΤΟΣ ΜΕΡΙΔΑ,,ΟΡΕΚΤΙΚΑ,OIK104,"€7,0",1,,"ΓΑΥΡΟΣ ΜΑΡΙΝΑΤΟΣ ΜΕΡΙΔΑ,ΓΑΥΡΟΣ ΜΑΡΙΝΑΤΟΣ ΜΕΡΙΔΑ","0,58","0,58","0,58",13,"0,07","0,07","0,65","0,65","0,65","1,96","2,61",,,,,ΓΑΥΡΟΣ ΜΑΡΙΝΑΤΟΣ ΜΕΡΙΔΑ,,"ΓΑΥΡΟΣ ΜΑΡΙΝΑΤΟΣ ΜΕΡΙΔΑ, ΓΑΥΡΟΣ ΜΑΡΙΝΑΤΟΣ ΜΕΡΙΔΑ",
ΓΑΥΡΟΣ ΜΑΡΙΝΑΤΟΣ ΣΠΙΤΙΚΟΣ,,ΟΡΕΚΤΙΚΑ,OIK512,,1,,"ΓΑΥΡΟΣ ΜΑΡΙΝΑΤΟΣ ΣΠΙΤΙΚΟΣ,ΓΑΥΡΟΣ ΜΑΡΙΝΑΤΟΣ ΣΠΙΤΙΚΟΣ","0,58","0,58","0,58",13,"0,07","0,07","0,65","0,65","0,65","1,96","2,61",,,,,,,,
ΓΕΜΙΣΤΑ 10 ΜΕΡΙΔΕΣ,,ΕΛΛΗΝΙΚΑ ΠΑΡΑΔΟΣΙΑΚΑ,OIK104,"€9,0",10,,"ΓΕΜΙΣΤΑ 10 ΜΕΡΙΔΕΣ,ΓΕΜΙΣΤΑ 10 ΜΕΡΙΔΕΣ,ΓΕΜΙΣΤΑ 10 ΜΕΡΙΔΕΣ,ΓΕΜΙΣΤΑ 10 ΜΕΡΙΔΕΣ,ΓΕΜΙΣΤΑ 10 ΜΕΡΙΔΕΣ,ΓΕΜΙΣΤΑ 10 ΜΕΡΙΔΕΣ,ΓΕΜΙΣΤΑ 10 ΜΕΡΙΔΕΣ,ΓΕΜΙΣΤΑ 10 ΜΕΡΙΔΕΣ,ΓΕΜΙΣΤΑ 10 ΜΕΡΙΔΕΣ,ΓΕΜΙΣΤΑ 10 ΜΕΡΙΔΕΣ,ΓΕΜΙΣΤΑ 10 ΜΕΡΙΔΕΣ,ΓΕΜΙΣΤΑ 10 ΜΕΡΙΔΕΣ","7,86","7,86","0,79",13,"1,02","1,02","8,88","0,89","0,89","2,66","3,55",,,,,ΓΕΜΙΣΤΑ 10 ΜΕΡΙΔΕΣ,,"ΓΕΜΙΣΤΑ 10 ΜΕΡΙΔΕΣ, ΓΕΜΙΣΤΑ 10 ΜΕΡΙΔΕΣ, ΓΕΜΙΣΤΑ 10 ΜΕΡΙΔΕΣ, ΓΕΜΙΣΤΑ 10 ΜΕΡΙΔΕΣ, ΓΕΜΙΣΤΑ 10 ΜΕΡΙΔΕΣ, ΓΕΜΙΣΤΑ 10 ΜΕΡΙΔΕΣ, ΓΕΜΙΣΤΑ 10 ΜΕΡΙΔΕΣ, ΓΕΜΙΣΤΑ 10 ΜΕΡΙΔΕΣ, ΓΕΜΙΣΤΑ 10 ΜΕΡΙΔΕΣ, ΓΕΜΙΣΤΑ 10 ΜΕΡΙΔΕΣ, ΓΕΜΙΣΤΑ 10 ΜΕΡΙΔΕΣ, ΓΕΜΙΣΤΑ 10 ΜΕΡΙΔΕΣ, ΓΕΜΙΣΤΑ 10 ΜΕΡΙΔΕΣ",
ΓΙΑΟΥΡΤΙ ΠΡΟΒΕΙΟ,,ΠΡΩΙΝΟ,OIK512,,7,,"ΓΙΑΟΥΡΤΙ ΠΡΟΒΕΙΟ,ΓΙΑΟΥΡΤΙ ΠΡΟΒΕΙΟ","3,95","3,95","0,56",13,"0,51","0,51","4,47","0,64","0,64","1,91","2,55",,,,,,,,
ΓΚΡΑΝΟΛΑ 1ΚΙΛΟΥ,,ΕΝΔΙΑΜΕΣΑ,"OIK104,OIK512",,1,,"ΓΚΡΑΝΟΛΑ 1ΚΙΛΟΥ,ΓΚΡΑΝΟΛΑ 1ΚΙΛΟΥ,ΓΚΡΑΝΟΛΑ 1ΚΙΛΟΥ,ΓΚΡΑΝΟΛΑ 1ΚΙΛΟΥ,ΓΚΡΑΝΟΛΑ 1ΚΙΛΟΥ,ΓΚΡΑΝΟΛΑ 1ΚΙΛΟΥ","12,64","12,64","12,64",13,"1,64","1,64","14,28","14,28","14,28","42,85","57,13","ΓΚΡΑΝΟΛΑ 1ΚΙΛΟΥ,ΓΚΡΑΝΟΛΑ 1ΚΙΛΟΥ",,,,,,"""ΓΚΡΑΝΟΛΑ 1ΚΙΛΟΥ, ΓΚΡΑΝΟΛΑ 1ΚΙΛΟΥ"", ΓΚΡΑΝΟΛΑ 1ΚΙΛΟΥ, ΓΚΡΑΝΟΛΑ 1ΚΙΛΟΥ, ΓΚΡΑΝΟΛΑ 1ΚΙΛΟΥ, ΓΚΡΑΝΟΛΑ 1ΚΙΛΟΥ, ΓΚΡΑΝΟΛΑ 1ΚΙΛΟΥ, ΓΚΡΑΝΟΛΑ 1ΚΙΛΟΥ, ΓΚΡΑΝΟΛΑ 1ΚΙΛΟΥ, ΓΚΡΑΝΟΛΑ 1ΚΙΛΟΥ, ΓΚΡΑΝΟΛΑ 1ΚΙΛΟΥ, ΓΚΡΑΝΟΛΑ 1ΚΙΛΟΥ, ΓΚΡΑΝΟΛΑ 1ΚΙΛΟΥ, ΓΚΡΑΝΟΛΑ 1ΚΙΛΟΥ, ΓΚΡΑΝΟΛΑ 1ΚΙΛΟΥ, ΓΚΡΑΝΟΛΑ 1ΚΙΛΟΥ, ΓΚΡΑΝΟΛΑ 1ΚΙΛΟΥ, ΓΚΡΑΝΟΛΑ 1ΚΙΛΟΥ",
ΕΚΜΕΚ 20 ΜΕΡΙΔΕΣ,,ΕΠΙΔΟΡΠΙΑ,OIK104,"€7,0",20,,"ΕΚΜΕΚ 20 ΜΕΡΙΔΕΣ,ΕΚΜΕΚ 20 ΜΕΡΙΔΕΣ,ΕΚΜΕΚ 20 ΜΕΡΙΔΕΣ,ΕΚΜΕΚ 20 ΜΕΡΙΔΕΣ,ΕΚΜΕΚ 20 ΜΕΡΙΔΕΣ,ΕΚΜΕΚ 20 ΜΕΡΙΔΕΣ,ΕΚΜΕΚ 20 ΜΕΡΙΔΕΣ,ΕΚΜΕΚ 20 ΜΕΡΙΔΕΣ,ΕΚΜΕΚ 20 ΜΕΡΙΔΕΣ,ΕΚΜΕΚ 20 ΜΕΡΙΔΕΣ,ΕΚΜΕΚ 20 ΜΕΡΙΔΕΣ,ΕΚΜΕΚ 20 ΜΕΡΙΔΕΣ","14,84","14,84","0,74",13,"1,93","1,93","16,77","0,84","0,84","2,51","3,35",,,,,ΕΚΜΕΚ 20 ΜΕΡΙΔΕΣ,,"ΕΚΜΕΚ 20 ΜΕΡΙΔΕΣ, ΕΚΜΕΚ 20 ΜΕΡΙΔΕΣ, ΕΚΜΕΚ 20 ΜΕΡΙΔΕΣ, ΕΚΜΕΚ 20 ΜΕΡΙΔΕΣ, ΕΚΜΕΚ 20 ΜΕΡΙΔΕΣ, ΕΚΜΕΚ 20 ΜΕΡΙΔΕΣ, ΕΚΜΕΚ 20 ΜΕΡΙΔΕΣ, ΕΚΜΕΚ 20 ΜΕΡΙΔΕΣ, ΕΚΜΕΚ 20 ΜΕΡΙΔΕΣ, ΕΚΜΕΚ 20 ΜΕΡΙΔΕΣ, ΕΚΜΕΚ 20 ΜΕΡΙΔΕΣ",
ΕΛΛΗΝΙΚΟ ΣΤΡΑΓΓΙΣΤΟ ΓΙΑΟΥΡΤΙ,,ΕΠΙΔΟΡΠΙΑ,OIK104,"€6,0",1,,"""ΕΛΛΗΝΙΚΟ ΣΤΡΑΓΓΙΣΤΟ ΓΙΑΟΥΡΤΙ, ΣΤΡΑΓΓΙΣΤΟ ΕΛΛΗΝΙΚΟ ΓΙΑΟΥΡΤΙ""","0,67","0,67","0,67",13,"0,09","0,09","0,75","0,75","0,75","2,26","3,01",,,,,ΕΛΛΗΝΙΚΟ ΣΤΡΑΓΓΙΣΤΟ ΓΙΑΟΥΡΤΙ,,ΕΛΛΗΝΙΚΟ ΣΤΡΑΓΓΙΣΤΟ ΓΙΑΟΥΡΤΙ,
ΖΥΜΗ ΠΙΤΣΑΣ 54 ΜΕΡΙΔΕΣ,,ΕΝΔΙΑΜΕΣΑ,"OIK104,OIK512",,54,,"ΖΥΜΗ ΠΙΤΣΑΣ 54 ΜΕΡΙΔΕΣ,ΖΥΜΗ ΠΙΤΣΑΣ 54 ΜΕΡΙΔΕΣ,ΖΥΜΗ ΠΙΤΣΑΣ 54 ΜΕΡΙΔΕΣ,ΖΥΜΗ ΠΙΤΣΑΣ 54 ΜΕΡΙΔΕΣ,ΖΥΜΗ ΠΙΤΣΑΣ 54 ΜΕΡΙΔΕΣ,ΖΥΜΗ ΠΙΤΣΑΣ 54 ΜΕΡΙΔΕΣ,ΖΥΜΗ ΠΙΤΣΑΣ 54 ΜΕΡΙΔΕΣ,ΖΥΜΗ ΠΙΤΣΑΣ 54 ΜΕΡΙΔΕΣ,ΖΥΜΗ ΠΙΤΣΑΣ 54 ΜΕΡΙΔΕΣ","21,27","21,27","0,39",13,"2,77","2,77","24,03","0,45","0,45","1,34","1,78",ΖΥΜΗ ΠΙΤΣΑΣ 54 ΜΕΡΙΔΕΣ,,,,,,"ΖΥΜΗ ΠΙΤΣΑΣ 54 ΜΕΡΙΔΕΣ, ΖΥΜΗ ΠΙΤΣΑΣ 54 ΜΕΡΙΔΕΣ, ΖΥΜΗ ΠΙΤΣΑΣ 54 ΜΕΡΙΔΕΣ, ΖΥΜΗ ΠΙΤΣΑΣ 54 ΜΕΡΙΔΕΣ, ΖΥΜΗ ΠΙΤΣΑΣ 54 ΜΕΡΙΔΕΣ, ΖΥΜΗ ΠΙΤΣΑΣ 54 ΜΕΡΙΔΕΣ, ΖΥΜΗ ΠΙΤΣΑΣ 54 ΜΕΡΙΔΕΣ, ΖΥΜΗ ΠΙΤΣΑΣ 54 ΜΕΡΙΔΕΣ, ΖΥΜΗ ΠΙΤΣΑΣ 54 ΜΕΡΙΔΕΣ",
ΚΑΛΑΜΑΡΙ ΨΗΤΟ,,ΨΑΡΙΑ ΘΑΛΑΣΣΙΝΑ ΣΤΑ ΚΑΡΒΟΥΝΑ,OIK104,"€17,0",1,,"ΚΑΛΑΜΑΡΙ ΨΗΤΟ,ΚΑΛΑΜΑΡΙ ΨΗΤΟ,ΚΑΛΑΜΑΡΙ ΨΗΤΟ","5,02","5,02","5,02",13,"0,65","0,65","5,67","5,67","5,67","17,02","22,70",,,,,ΚΑΛΑΜΑΡΙ ΨΗΤΟ,,"ΚΑΛΑΜΑΡΙ ΨΗΤΟ, ΚΑΛΑΜΑΡΙ ΨΗΤΟ, ΚΑΛΑΜΑΡΙ ΨΗΤΟ",
ΚΑΛΑΜΠΟΚΙ ΜΕ ΚΟΤΟΠΟΥΛΟ,,ΤΥΛΙΧΤΗ ΠΙΤΑ,OIK512,,1,,"ΚΑΛΑΜΠΟΚΙ ΜΕ ΚΟΤΟΠΟΥΛΟ,ΚΑΛΑΜΠΟΚΙ ΜΕ ΚΟΤΟΠΟΥΛΟ,ΚΑΛΑΜΠΟΚΙ ΜΕ ΚΟΤΟΠΟΥΛΟ,ΚΑΛΑΜΠΟΚΙ ΜΕ ΚΟΤΟΠΟΥΛΟ,ΚΑΛΑΜΠΟΚΙ ΜΕ ΚΟΤΟΠΟΥΛΟ,ΚΑΛΑΜΠΟΚΙ ΜΕ ΚΟΤΟΠΟΥΛΟ","0,71","0,95","0,95",13,"0,09","0,12","1,08","0,80","1,08","3,23","4,31",,,,,,,,
ΚΑΛΟΚΑΙΡΙΝΗ ΑΝΑΜΕΙΚΤΗ,,ΣΑΛΑΤΕΣ,OIK104,"€7,5",1,,"ΚΑΛΟΚΑΙΡΙΝΗ ΑΝΑΜΕΙΚΤΗ,ΚΑΛΟΚΑΙΡΙΝΗ ΑΝΑΜΕΙΚΤΗ,ΚΑΛΟΚΑΙΡΙΝΗ ΑΝΑΜΕΙΚΤΗ,ΚΑΛΟΚΑΙΡΙΝΗ ΑΝΑΜΕΙΚΤΗ,ΚΑΛΟΚΑΙΡΙΝΗ ΑΝΑΜΕΙΚΤΗ","0,08","0,08","0,08",13,"0,01","0,01","0,09","0,09","0,09","0,26","0,35",,,,,ΚΑΛΟΚΑΙΡΙΝΗ ΑΝΑΜΕΙΚΤΗ,,"ΚΑΛΟΚΑΙΡΙΝΗ ΑΝΑΜΕΙΚΤΗ, ΚΑΛΟΚΑΙΡΙΝΗ ΑΝΑΜΕΙΚΤΗ, ΚΑΛΟΚΑΙΡΙΝΗ ΑΝΑΜΕΙΚΤΗ, ΚΑΛΟΚΑΙΡΙΝΗ ΑΝΑΜΕΙΚΤΗ, ΚΑΛΟΚΑΙΡΙΝΗ ΑΝΑΜΕΙΚΤΗ",
ΚΑΛΤΣΟΝΕ ΝΟΥΤΕΛΑ,,ΠΙΤΣΑ,OIK512,,1,,"ΚΑΛΤΣΟΝΕ ΝΟΥΤΕΛΑ,ΚΑΛΤΣΟΝΕ ΝΟΥΤΕΛΑ,ΚΑΛΤΣΟΝΕ ΝΟΥΤΕΛΑ,ΚΑΛΤΣΟΝΕ ΝΟΥΤΕΛΑ","0,76","0,89","0,89",13,"0,10","0,12","1,00","0,86","1,00","3,01","4,01",,,,,,,,
ΚΕΦΑΛΟΓΡΑΒΙΕΡΑ,,ΤΥΡΙΑ,OIK104,,1,,ΚΕΦΑΛΟΓΡΑΒΙΕΡΑ,"0,00","0,00","0,00",13,"0,00","0,00","0,00","0,00","0,00","0,00","0,00",,,,,ΚΕΦΑΛΟΓΡΑΒΙΕΡΑ,,ΚΕΦΑΛΟΓΡΑΒΙΕΡΑ,
ΚΕΦΑΛΟΓΡΑΒΙΕΡΑ ΣΑΓΑΝΑΚΙ,,ΟΡΕΚΤΙΚΑ,OIK104,,1,,"ΚΕΦΑΛΟΓΡΑΒΙΕΡΑ ΣΑΓΑΝΑΚΙ,ΚΕΦΑΛΟΓΡΑΒΙΕΡΑ ΣΑΓΑΝΑΚΙ,ΚΕΦΑΛΟΓΡΑΒΙΕΡΑ ΣΑΓΑΝΑΚΙ,ΚΕΦΑΛΟΓΡΑΒΙΕΡΑ ΣΑΓΑΝΑΚΙ,ΚΕΦΑΛΟΓΡΑΒΙΕΡΑ ΣΑΓΑΝΑΚΙ,ΚΕΦΑΛΟΓΡΑΒΙΕΡΑ ΣΑΓΑΝΑΚΙ","2,02","2,02","2,02",13,"0,26","0,26","2,28","2,28","2,28","6,84","9,13",,,,,ΚΕΦΑΛΟΓΡΑΒΙΕΡΑ ΣΑΓΑΝΑΚΙ,,"ΚΕΦΑΛΟΓΡΑΒΙΕΡΑ ΣΑΓΑΝΑΚΙ, ΚΕΦΑΛΟΓΡΑΒΙΕΡΑ ΣΑΓΑΝΑΚΙ, ΚΕΦΑΛΟΓΡΑΒΙΕΡΑ ΣΑΓΑΝΑΚΙ, ΚΕΦΑΛΟΓΡΑΒΙΕΡΑ ΣΑΓΑΝΑΚΙ, ΚΕΦΑΛΟΓΡΑΒΙΕΡΑ ΣΑΓΑΝΑΚΙ, ΚΕΦΑΛΟΓΡΑΒΙΕΡΑ ΣΑΓΑΝΑΚΙ",
ΚΙΜΑΣ 1 ΚΙΛΟΥ,,ΕΝΔΙΑΜΕΣΑ,OIK104,,1,,"ΚΙΜΑΣ 1 ΚΙΛΟΥ,ΚΙΜΑΣ 1 ΚΙΛΟΥ,ΚΙΜΑΣ 1 ΚΙΛΟΥ,ΚΙΜΑΣ 1 ΚΙΛΟΥ,ΚΙΜΑΣ 1 ΚΙΛΟΥ","8,09","8,09","8,09",13,"1,05","1,05","9,14","9,14","9,14","27,42","36,56",ΚΙΜΑΣ 1 ΚΙΛΟΥ,,,,ΚΙΜΑΣ 1 ΚΙΛΟΥ,,"ΚΙΜΑΣ 1 ΚΙΛΟΥ, ΚΙΜΑΣ 1 ΚΙΛΟΥ, ΚΙΜΑΣ 1 ΚΙΛΟΥ, ΚΙΜΑΣ 1 ΚΙΛΟΥ, ΚΙΜΑΣ 1 ΚΙΛΟΥ",
ΚΛΑΜΠ ΣΑΝΤΟΥΙΤΣ ΚΛΑΣΙΚΟ,,ΣΝΑΚΣ,OIK512,,1,,"ΚΛΑΜΠ ΣΑΝΤΟΥΙΤΣ ΚΛΑΣΙΚΟ,ΚΛΑΜΠ ΣΑΝΤΟΥΙΤΣ ΚΛΑΣΙΚΟ,ΚΛΑΜΠ ΣΑΝΤΟΥΙΤΣ ΚΛΑΣΙΚΟ,ΚΛΑΜΠ ΣΑΝΤΟΥΙΤΣ ΚΛΑΣΙΚΟ,ΚΛΑΜΠ ΣΑΝΤΟΥΙΤΣ ΚΛΑΣΙΚΟ,ΚΛΑΜΠ ΣΑΝΤΟΥΙΤΣ ΚΛΑΣΙΚΟ,ΚΛΑΜΠ ΣΑΝΤΟΥΙΤΣ ΚΛΑΣΙΚΟ,ΚΛΑΜΠ ΣΑΝΤΟΥΙΤΣ ΚΛΑΣΙΚΟ","0,51","0,80","0,80",13,"0,07","0,10","0,90","0,58","0,90","2,71","3,62",,,,,,,,
ΚΛΑΜΠ ΣΑΝΤΟΥΙΤΣ ΠΙΤΑ ΓΥΡΟΣ,,ΣΝΑΚΣ,OIK512,,1,,"ΚΛΑΜΠ ΣΑΝΤΟΥΙΤΣ ΠΙΤΑ ΓΥΡΟΣ,ΚΛΑΜΠ ΣΑΝΤΟΥΙΤΣ ΠΙΤΑ ΓΥΡΟΣ,ΚΛΑΜΠ ΣΑΝΤΟΥΙΤΣ ΠΙΤΑ ΓΥΡΟΣ,ΚΛΑΜΠ ΣΑΝΤΟΥΙΤΣ ΠΙΤΑ ΓΥΡΟΣ,ΚΛΑΜΠ ΣΑΝΤΟΥΙΤΣ ΠΙΤΑ ΓΥΡΟΣ,ΚΛΑΜΠ ΣΑΝΤΟΥΙΤΣ ΠΙΤΑ ΓΥΡΟΣ,ΚΛΑΜΠ ΣΑΝΤΟΥΙΤΣ ΠΙΤΑ ΓΥΡΟΣ,ΚΛΑΜΠ ΣΑΝΤΟΥΙΤΣ ΠΙΤΑ ΓΥΡΟΣ","1,70","2,05","2,05",13,"0,22","0,27","2,32","1,92","2,32","6,95","9,27",,,,,,,,
ΚΛΑΣΙΚΟ ΜΕ ΧΟΙΡΙΝΟ,,ΤΥΛΙΧΤΗ ΠΙΤΑ,OIK512,,1,,"ΚΛΑΣΙΚΟ ΜΕ ΧΟΙΡΙΝΟ,ΚΛΑΣΙΚΟ ΜΕ ΧΟΙΡΙΝΟ,ΚΛΑΣΙΚΟ ΜΕ ΧΟΙΡΙΝΟ,ΚΛΑΣΙΚΟ ΜΕ ΧΟΙΡΙΝΟ,ΚΛΑΣΙΚΟ ΜΕ ΧΟΙΡΙΝΟ,ΚΛΑΣΙΚΟ ΜΕ ΧΟΙΡΙΝΟ","0,77","1,05","1,05",13,"0,10","0,14","1,19","0,87","1,19","3,57","4,76",,,,,,,,
ΚΟΛΟΚΥΘΟΠΙΤΑ 8 ΜΕΡΙΔΕΣ,,ΟΡΕΚΤΙΚΑ,OIK104,"€0,0",8,,"ΚΟΛΟΚΥΘΟΠΙΤΑ 8 ΜΕΡΙΔΕΣ,ΚΟΛΟΚΥΘΟΠΙΤΑ 8 ΜΕΡΙΔΕΣ,ΚΟΛΟΚΥΘΟΠΙΤΑ 8 ΜΕΡΙΔΕΣ,ΚΟΛΟΚΥΘΟΠΙΤΑ 8 ΜΕΡΙΔΕΣ,ΚΟΛΟΚΥΘΟΠΙΤΑ 8 ΜΕΡΙΔΕΣ,ΚΟΛΟΚΥΘΟΠΙΤΑ 8 ΜΕΡΙΔΕΣ,ΚΟΛΟΚΥΘΟΠΙΤΑ 8 ΜΕΡΙΔΕΣ,ΚΟΛΟΚΥΘΟΠΙΤΑ 8 ΜΕΡΙΔΕΣ,ΚΟΛΟΚΥΘΟΠΙΤΑ 8 ΜΕΡΙΔΕΣ,ΚΟΛΟΚΥΘΟΠΙΤΑ 8 ΜΕΡΙΔΕΣ","14,99","15,23","1,90",13,"1,95","1,98","17,21","2,12","2,15","6,45","8,61",,,,,ΚΟΛΟΚΥΘΟΠΙΤΑ 8 ΜΕΡΙΔΕΣ,,"ΚΟΛΟΚΥΘΟΠΙΤΑ 8 ΜΕΡΙΔΕΣ, ΚΟΛΟΚΥΘΟΠΙΤΑ 8 ΜΕΡΙΔΕΣ, ΚΟΛΟΚΥΘΟΠΙΤΑ 8 ΜΕΡΙΔΕΣ, ΚΟΛΟΚΥΘΟΠΙΤΑ 8 ΜΕΡΙΔΕΣ, ΚΟΛΟΚΥΘΟΠΙΤΑ 8 ΜΕΡΙΔΕΣ, ΚΟΛΟΚΥΘΟΠΙΤΑ 8 ΜΕΡΙΔΕΣ, ΚΟΛΟΚΥΘΟΠΙΤΑ 8 ΜΕΡΙΔΕΣ, ΚΟΛΟΚΥΘΟΠΙΤΑ 8 ΜΕΡΙΔΕΣ, ΚΟΛΟΚΥΘΟΠΙΤΑ 8 ΜΕΡΙΔΕΣ, ΚΟΛΟΚΥΘΟΠΙΤΑ 8 ΜΕΡΙΔΕΣ",
ΚΟΤΟΠΙΤΑ 8ΜΕΡΙΔΕΣ,,ΟΡΕΚΤΙΚΑ,OIK104,"€7,0",8,,"ΚΟΤΟΠΙΤΑ 8ΜΕΡΙΔΕΣ,ΚΟΤΟΠΙΤΑ 8ΜΕΡΙΔΕΣ,ΚΟΤΟΠΙΤΑ 8ΜΕΡΙΔΕΣ,ΚΟΤΟΠΙΤΑ 8ΜΕΡΙΔΕΣ,ΚΟΤΟΠΙΤΑ 8ΜΕΡΙΔΕΣ,ΚΟΤΟΠΙΤΑ 8ΜΕΡΙΔΕΣ,ΚΟΤΟΠΙΤΑ 8ΜΕΡΙΔΕΣ","5,28","5,89","0,74",13,"0,69","0,77","6,65","0,75","0,83","2,50","3,33",,,,,,,"ΚΟΤΟΠΙΤΑ 8ΜΕΡΙΔΕΣ, ΚΟΤΟΠΙΤΑ 8ΜΕΡΙΔΕΣ, ΚΟΤΟΠΙΤΑ 8ΜΕΡΙΔΕΣ, ΚΟΤΟΠΙΤΑ 8ΜΕΡΙΔΕΣ, ΚΟΤΟΠΙΤΑ 8ΜΕΡΙΔΕΣ, ΚΟΤΟΠΙΤΑ 8ΜΕΡΙΔΕΣ, ΚΟΤΟΠΙΤΑ 8ΜΕΡΙΔΕΣ",
ΚΟΤΟΠΟΥΛΟ ΚΟΝΤΟΣΟΥΒΛΙ,,ΚΡΕΑΤΙΚΑ ΣΤΑ ΚΑΡΒΟΥΝΑ,OIK104,"€11,0",1,,"ΚΟΤΟΠΟΥΛΟ ΚΟΝΤΟΣΟΥΒΛΙ,ΚΟΤΟΠΟΥΛΟ ΚΟΝΤΟΣΟΥΒΛΙ,ΚΟΤΟΠΟΥΛΟ ΚΟΝΤΟΣΟΥΒΛΙ","1,35","1,35","1,35",13,"0,18","0,18","1,53","1,53","1,53","4,58","6,10",,,,,ΚΟΤΟΠΟΥΛΟ ΚΟΝΤΟΣΟΥΒΛΙ,,"ΚΟΤΟΠΟΥΛΟ ΚΟΝΤΟΣΟΥΒΛΙ, ΚΟΤΟΠΟΥΛΟ ΚΟΝΤΟΣΟΥΒΛΙ, ΚΟΤΟΠΟΥΛΟ ΚΟΝΤΟΣΟΥΒΛΙ",
ΚΡΕΜΑ ΛΕΥΚΟΥ ΤΑΡΑΜΑ 4 MΕΡΙΔΕΣ,,ΟΡΕΚΤΙΚΑ,OIK104,"€6,5",4,,"ΚΡΕΜΑ ΛΕΥΚΟΥ ΤΑΡΑΜΑ 4 MΕΡΙΔΕΣ,ΚΡΕΜΑ ΛΕΥΚΟΥ ΤΑΡΑΜΑ 4 MΕΡΙΔΕΣ,ΚΡΕΜΑ ΛΕΥΚΟΥ ΤΑΡΑΜΑ 4 MΕΡΙΔΕΣ,ΚΡΕΜΑ ΛΕΥΚΟΥ ΤΑΡΑΜΑ 4 MΕΡΙΔΕΣ,ΚΡΕΜΑ ΛΕΥΚΟΥ ΤΑΡΑΜΑ 4 MΕΡΙΔΕΣ,ΚΡΕΜΑ ΛΕΥΚΟΥ ΤΑΡΑΜΑ 4 MΕΡΙΔΕΣ","3,42","3,42","0,85",13,"0,44","0,44","3,86","0,96","0,96","2,89","3,86",,,,,ΚΡΕΜΑ ΛΕΥΚΟΥ ΤΑΡΑΜΑ 4 MΕΡΙΔΕΣ,,"ΚΡΕΜΑ ΛΕΥΚΟΥ ΤΑΡΑΜΑ 4 MΕΡΙΔΕΣ, ΚΡΕΜΑ ΛΕΥΚΟΥ ΤΑΡΑΜΑ 4 MΕΡΙΔΕΣ, ΚΡΕΜΑ ΛΕΥΚΟΥ ΤΑΡΑΜΑ 4 MΕΡΙΔΕΣ, ΚΡΕΜΑ ΛΕΥΚΟΥ ΤΑΡΑΜΑ 4 MΕΡΙΔΕΣ, ΚΡΕΜΑ ΛΕΥΚΟΥ ΤΑΡΑΜΑ 4 MΕΡΙΔΕΣ, ΚΡΕΜΑ ΛΕΥΚΟΥ ΤΑΡΑΜΑ 4 MΕΡΙΔΕΣ",
ΚΡΕΠΑ,,ΕΝΔΙΑΜΕΣΑ,OIK512,,13,,"ΚΡΕΠΑ,ΚΡΕΠΑ,ΚΡΕΠΑ,ΚΡΕΠΑ,ΚΡΕΠΑ,ΚΡΕΠΑ,ΚΡΕΠΑ,ΚΡΕΠΑ","3,06","3,06","0,24",13,"0,40","0,40","3,46","0,27","0,27","0,80","1,06",ΚΡΕΠΑ,,,,,,"ΚΡΕΠΑ, ΚΡΕΠΑ, ΚΡΕΠΑ, ΚΡΕΠΑ, ΚΡΕΠΑ, ΚΡΕΠΑ, ΚΡΕΠΑ, ΚΡΕΠΑ",
ΚΡΕΠΑ ΖΑΜΠΟΝ-ΤΥΡΙ,,ΠΡΩΙΝΟ,OIK512,,1,,"ΚΡΕΠΑ ΖΑΜΠΟΝ-ΤΥΡΙ,ΚΡΕΠΑ ΖΑΜΠΟΝ-ΤΥΡΙ,ΚΡΕΠΑ ΖΑΜΠΟΝ-ΤΥΡΙ,ΚΡΕΠΑ ΖΑΜΠΟΝ-ΤΥΡΙ","0,45","0,77","0,77",13,"0,06","0,10","0,86","0,51","0,86","2,59","3,46",,,,,,,,
ΚΡΕΠΑ ΚΟΤΟΠΟΥΛΟ,,ΠΡΩΙΝΟ,OIK512,,1,,"ΚΡΕΠΑ ΚΟΤΟΠΟΥΛΟ,ΚΡΕΠΑ ΚΟΤΟΠΟΥΛΟ,ΚΡΕΠΑ ΚΟΤΟΠΟΥΛΟ,ΚΡΕΠΑ ΚΟΤΟΠΟΥΛΟ,ΚΡΕΠΑ ΚΟΤΟΠΟΥΛΟ,ΚΡΕΠΑ ΚΟΤΟΠΟΥΛΟ,ΚΡΕΠΑ ΚΟΤΟΠΟΥΛΟ","1,10","1,38","1,38",13,"0,14","0,18","1,56","1,24","1,56","4,69","6,26",,,,,,,,
ΚΡΕΠΑ ΝΟΥΤΕΛΑ,,ΠΡΩΙΝΟ,OIK512,,1,,"ΚΡΕΠΑ ΝΟΥΤΕΛΑ,ΚΡΕΠΑ ΝΟΥΤΕΛΑ","0,57","0,83","0,83",13,"0,07","0,11","0,94","0,64","0,94","2,82","3,76",,,,,,,,
ΚΡΗΤΙΚΟΣ ΝΤΑΚΟΣ,,ΣΑΛΑΤΕΣ,OIK104,"€9,5",1,,"ΚΡΗΤΙΚΟΣ ΝΤΑΚΟΣ,ΚΡΗΤΙΚΟΣ ΝΤΑΚΟΣ,ΚΡΗΤΙΚΟΣ ΝΤΑΚΟΣ,ΚΡΗΤΙΚΟΣ ΝΤΑΚΟΣ,ΚΡΗΤΙΚΟΣ ΝΤΑΚΟΣ,ΚΡΗΤΙΚΟΣ ΝΤΑΚΟΣ,ΚΡΗΤΙΚΟΣ ΝΤΑΚΟΣ,ΚΡΗΤΙΚΟΣ ΝΤΑΚΟΣ,ΚΡΗΤΙΚΟΣ ΝΤΑΚΟΣ,ΚΡΗΤΙΚΟΣ ΝΤΑΚΟΣ,ΚΡΗΤΙΚΟΣ ΝΤΑΚΟΣ,ΚΡΗΤΙΚΟΣ ΝΤΑΚΟΣ,ΚΡΗΤΙΚΟΣ ΝΤΑΚΟΣ","2,55","2,55","2,55",13,"0,33","0,33","2,88","2,88","2,88","8,65","11,53",,,,,ΚΡΗΤΙΚΟΣ ΝΤΑΚΟΣ,,"ΚΡΗΤΙΚΟΣ ΝΤΑΚΟΣ, ΚΡΗΤΙΚΟΣ ΝΤΑΚΟΣ, ΚΡΗΤΙΚΟΣ ΝΤΑΚΟΣ, ΚΡΗΤΙΚΟΣ ΝΤΑΚΟΣ, ΚΡΗΤΙΚΟΣ ΝΤΑΚΟΣ, ΚΡΗΤΙΚΟΣ ΝΤΑΚΟΣ, ΚΡΗΤΙΚΟΣ ΝΤΑΚΟΣ, ΚΡΗΤΙΚΟΣ ΝΤΑΚΟΣ, ΚΡΗΤΙΚΟΣ ΝΤΑΚΟΣ, ΚΡΗΤΙΚΟΣ ΝΤΑΚΟΣ, ΚΡΗΤΙΚΟΣ ΝΤΑΚΟΣ, ΚΡΗΤΙΚΟΣ ΝΤΑΚΟΣ, ΚΡΗΤΙΚΟΣ ΝΤΑΚΟΣ",
ΚΡΙΘΑΡΟΤΟ  ΓΑΡΙΔΑΣ,,ΠΑΣΤΕΣ - ΡΙΖΟΤΑ,OIK104,"€15,0",1,,"ΚΡΙΘΑΡΟΤΟ  ΓΑΡΙΔΑΣ,ΚΡΙΘΑΡΟΤΟ  ΓΑΡΙΔΑΣ,ΚΡΙΘΑΡΟΤΟ  ΓΑΡΙΔΑΣ,ΚΡΙΘΑΡΟΤΟ  ΓΑΡΙΔΑΣ,ΚΡΙΘΑΡΟΤΟ  ΓΑΡΙΔΑΣ,ΚΡΙΘΑΡΟΤΟ  ΓΑΡΙΔΑΣ,ΚΡΙΘΑΡΟΤΟ  ΓΑΡΙΔΑΣ,ΚΡΙΘΑΡΟΤΟ  ΓΑΡΙΔΑΣ,ΚΡΙΘΑΡΟΤΟ  ΓΑΡΙΔΑΣ","2,73","2,73","2,73",13,"0,36","0,36","3,09","3,09","3,09","9,26","12,35",,,,,ΚΡΙΘΑΡΟΤΟ  ΓΑΡΙΔΑΣ,,"ΚΡΙΘΑΡΟΤΟ  ΓΑΡΙΔΑΣ, ΚΡΙΘΑΡΟΤΟ  ΓΑΡΙΔΑΣ, ΚΡΙΘΑΡΟΤΟ  ΓΑΡΙΔΑΣ, ΚΡΙΘΑΡΟΤΟ  ΓΑΡΙΔΑΣ, ΚΡΙΘΑΡΟΤΟ  ΓΑΡΙΔΑΣ, ΚΡΙΘΑΡΟΤΟ  ΓΑΡΙΔΑΣ, ΚΡΙΘΑΡΟΤΟ  ΓΑΡΙΔΑΣ, ΚΡΙΘΑΡΟΤΟ  ΓΑΡΙΔΑΣ, ΚΡΙΘΑΡΟΤΟ  ΓΑΡΙΔΑΣ, ΚΡΙΘΑΡΟΤΟ  ΓΑΡΙΔΑΣ, ΚΡΙΘΑΡΟΤΟ  ΓΑΡΙΔΑΣ, ΚΡΙΘΑΡΟΤΟ  ΓΑΡΙΔΑΣ",
ΚΡΙΘΑΡΟΤΟ ΧΕΛΙ,,ΠΑΣΤΕΣ - ΡΙΖΟΤΑ,OIK104,,1,,"ΚΡΙΘΑΡΟΤΟ ΧΕΛΙ,ΚΡΙΘΑΡΟΤΟ ΧΕΛΙ,ΚΡΙΘΑΡΟΤΟ ΧΕΛΙ,ΚΡΙΘΑΡΟΤΟ ΧΕΛΙ,ΚΡΙΘΑΡΟΤΟ ΧΕΛΙ,ΚΡΙΘΑΡΟΤΟ ΧΕΛΙ,ΚΡΙΘΑΡΟΤΟ ΧΕΛΙ,ΚΡΙΘΑΡΟΤΟ ΧΕΛΙ","5,02","5,02","5,02",13,"0,65","0,65","5,67","5,67","5,67","17,00","22,67",,,,,ΚΡΙΘΑΡΟΤΟ ΧΕΛΙ,,"ΚΡΙΘΑΡΟΤΟ ΧΕΛΙ, ΚΡΙΘΑΡΟΤΟ ΧΕΛΙ, ΚΡΙΘΑΡΟΤΟ ΧΕΛΙ, ΚΡΙΘΑΡΟΤΟ ΧΕΛΙ, ΚΡΙΘΑΡΟΤΟ ΧΕΛΙ, ΚΡΙΘΑΡΟΤΟ ΧΕΛΙ, ΚΡΙΘΑΡΟΤΟ ΧΕΛΙ, ΚΡΙΘΑΡΟΤΟ ΧΕΛΙ",
ΛΑΔΟΡΑΒΑΝΗ 30 ΜΕΡΙΔΕΣ,,ΕΠΙΔΟΡΠΙΑ,OIK104,,30,,"ΛΑΔΟΡΑΒΑΝΗ 30 ΜΕΡΙΔΕΣ,ΛΑΔΟΡΑΒΑΝΗ 30 ΜΕΡΙΔΕΣ,ΛΑΔΟΡΑΒΑΝΗ 30 ΜΕΡΙΔΕΣ,ΛΑΔΟΡΑΒΑΝΗ 30 ΜΕΡΙΔΕΣ,ΛΑΔΟΡΑΒΑΝΗ 30 ΜΕΡΙΔΕΣ,ΛΑΔΟΡΑΒΑΝΗ 30 ΜΕΡΙΔΕΣ,ΛΑΔΟΡΑΒΑΝΗ 30 ΜΕΡΙΔΕΣ,ΛΑΔΟΡΑΒΑΝΗ 30 ΜΕΡΙΔΕΣ,ΛΑΔΟΡΑΒΑΝΗ 30 ΜΕΡΙΔΕΣ","17,23","17,23","0,57",13,"2,24","2,24","19,46","0,65","0,65","1,95","2,60",ΧΟΙΡΙΝΗ ΛΑΙΜΟΥ,,,,ΛΑΔΟΡΑΒΑΝΗ 30 ΜΕΡΙΔΕΣ,,"ΛΑΔΟΡΑΒΑΝΗ 30 ΜΕΡΙΔΕΣ, ΛΑΔΟΡΑΒΑΝΗ 30 ΜΕΡΙΔΕΣ, ΛΑΔΟΡΑΒΑΝΗ 30 ΜΕΡΙΔΕΣ, ΛΑΔΟΡΑΒΑΝΗ 30 ΜΕΡΙΔΕΣ, ΛΑΔΟΡΑΒΑΝΗ 30 ΜΕΡΙΔΕΣ, ΛΑΔΟΡΑΒΑΝΗ 30 ΜΕΡΙΔΕΣ, ΛΑΔΟΡΑΒΑΝΗ 30 ΜΕΡΙΔΕΣ, ΛΑΔΟΡΑΒΑΝΗ 30 ΜΕΡΙΔΕΣ, ΛΑΔΟΡΑΒΑΝΗ 30 ΜΕΡΙΔΕΣ",
ΛΟΥΚΑΝΙΚΟ,,ΚΡΕΑΤΙΚΑ ΣΤΑ ΚΑΡΒΟΥΝΑ,OIK104,,1,,"ΛΟΥΚΑΝΙΚΟ,ΛΟΥΚΑΝΙΚΟ","1,49","1,76","1,76",13,"0,19","0,23","1,99","1,68","1,99","5,97","7,96",,,,,ΛΟΥΚΑΝΙΚΟ,,"ΛΟΥΚΑΝΙΚΟ, ΛΟΥΚΑΝΙΚΟ",
ΜΑΡΓΑΡΙΤΑ,,ΠΙΤΣΑ,OIK512,"€10,0",1,,"ΜΑΡΓΑΡΙΤΑ,ΜΑΡΓΑΡΙΤΑ,ΜΑΡΓΑΡΙΤΑ,ΜΑΡΓΑΡΙΤΑ,ΜΑΡΓΑΡΙΤΑ,ΜΑΡΓΑΡΙΤΑ","1,46","2,52","2,52",13,"0,19","0,33","2,85","1,65","2,85","8,55","11,41",,,,,,,,
ΜΑΡΙΝΑΔΑ ΧΟΙΡΙΝΑ ΠΑΙΔΑΚΙΑ,,ΕΝΔΙΑΜΕΣΑ,OIK104,,1,,"ΜΑΡΙΝΑΔΑ ΧΟΙΡΙΝΑ ΠΑΙΔΑΚΙΑ,ΜΑΡΙΝΑΔΑ ΧΟΙΡΙΝΑ ΠΑΙΔΑΚΙΑ,ΜΑΡΙΝΑΔΑ ΧΟΙΡΙΝΑ ΠΑΙΔΑΚΙΑ,ΜΑΡΙΝΑΔΑ ΧΟΙΡΙΝΑ ΠΑΙΔΑΚΙΑ,ΜΑΡΙΝΑΔΑ ΧΟΙΡΙΝΑ ΠΑΙΔΑΚΙΑ,ΜΑΡΙΝΑΔΑ ΧΟΙΡΙΝΑ ΠΑΙΔΑΚΙΑ,ΜΑΡΙΝΑΔΑ ΧΟΙΡΙΝΑ ΠΑΙΔΑΚΙΑ","1,36","1,36","1,36",13,"0,18","0,18","1,53","1,53","1,53","4,59","6,13",ΜΑΡΙΝΑΔΑ ΧΟΙΡΙΝΑ ΠΑΙΔΑΚΙΑ,,,,ΜΑΡΙΝΑΔΑ ΧΟΙΡΙΝΑ ΠΑΙΔΑΚΙΑ,,"ΜΑΡΙΝΑΔΑ ΧΟΙΡΙΝΑ ΠΑΙΔΑΚΙΑ, ΜΑΡΙΝΑΔΑ ΧΟΙΡΙΝΑ ΠΑΙΔΑΚΙΑ, ΜΑΡΙΝΑΔΑ ΧΟΙΡΙΝΑ ΠΑΙΔΑΚΙΑ, ΜΑΡΙΝΑΔΑ ΧΟΙΡΙΝΑ ΠΑΙΔΑΚΙΑ, ΜΑΡΙΝΑΔΑ ΧΟΙΡΙΝΑ ΠΑΙΔΑΚΙΑ, ΜΑΡΙΝΑΔΑ ΧΟΙΡΙΝΑ ΠΑΙΔΑΚΙΑ, ΜΑΡΙΝΑΔΑ ΧΟΙΡΙΝΑ ΠΑΙΔΑΚΙΑ",
ΜΑΡΙΝΑΡΙΣΜΕΝΕΣ ΓΑΡΙΔΕΣ (ΣΕΒΙΤΣΕ),,ΟΡΕΚΤΙΚΑ,OIK104,"€0,0",1,,"ΜΑΡΙΝΑΡΙΣΜΕΝΕΣ ΓΑΡΙΔΕΣ (ΣΕΒΙΤΣΕ),ΜΑΡΙΝΑΡΙΣΜΕΝΕΣ ΓΑΡΙΔΕΣ (ΣΕΒΙΤΣΕ),ΜΑΡΙΝΑΡΙΣΜΕΝΕΣ ΓΑΡΙΔΕΣ (ΣΕΒΙΤΣΕ),ΜΑΡΙΝΑΡΙΣΜΕΝΕΣ ΓΑΡΙΔΕΣ (ΣΕΒΙΤΣΕ),ΜΑΡΙΝΑΡΙΣΜΕΝΕΣ ΓΑΡΙΔΕΣ (ΣΕΒΙΤΣΕ),ΜΑΡΙΝΑΡΙΣΜΕΝΕΣ ΓΑΡΙΔΕΣ (ΣΕΒΙΤΣΕ),ΜΑΡΙΝΑΡΙΣΜΕΝΕΣ ΓΑΡΙΔΕΣ (ΣΕΒΙΤΣΕ),ΜΑΡΙΝΑΡΙΣΜΕΝΕΣ ΓΑΡΙΔΕΣ (ΣΕΒΙΤΣΕ),ΜΑΡΙΝΑΡΙΣΜΕΝΕΣ ΓΑΡΙΔΕΣ (ΣΕΒΙΤΣΕ),ΜΑΡΙΝΑΡΙΣΜΕΝΕΣ ΓΑΡΙΔΕΣ (ΣΕΒΙΤΣΕ),ΜΑΡΙΝΑΡΙΣΜΕΝΕΣ ΓΑΡΙΔΕΣ (ΣΕΒΙΤΣΕ)","1,78","1,78","1,78",13,"0,23","0,23","2,01","2,01","2,01","6,04","8,05",,,,,ΜΑΡΙΝΑΡΙΣΜΕΝΕΣ ΓΑΡΙΔΕΣ (ΣΕΒΙΤΣΕ),,"ΜΑΡΙΝΑΡΙΣΜΕΝΕΣ ΓΑΡΙΔΕΣ (ΣΕΒΙΤΣΕ), ΜΑΡΙΝΑΡΙΣΜΕΝΕΣ ΓΑΡΙΔΕΣ (ΣΕΒΙΤΣΕ), ΜΑΡΙΝΑΡΙΣΜΕΝΕΣ ΓΑΡΙΔΕΣ (ΣΕΒΙΤΣΕ), ΜΑΡΙΝΑΡΙΣΜΕΝΕΣ ΓΑΡΙΔΕΣ (ΣΕΒΙΤΣΕ), ΜΑΡΙΝΑΡΙΣΜΕΝΕΣ ΓΑΡΙΔΕΣ (ΣΕΒΙΤΣΕ), ΜΑΡΙΝΑΡΙΣΜΕΝΕΣ ΓΑΡΙΔΕΣ (ΣΕΒΙΤΣΕ), ΜΑΡΙΝΑΡΙΣΜΕΝΕΣ ΓΑΡΙΔΕΣ (ΣΕΒΙΤΣΕ), ΜΑΡΙΝΑΡΙΣΜΕΝΕΣ ΓΑΡΙΔΕΣ (ΣΕΒΙΤΣΕ), ΜΑΡΙΝΑΡΙΣΜΕΝΕΣ ΓΑΡΙΔΕΣ (ΣΕΒΙΤΣΕ), ΜΑΡΙΝΑΡΙΣΜΕΝΕΣ ΓΑΡΙΔΕΣ (ΣΕΒΙΤΣΕ)",
ΜΕΙΓΜΑ ΚΡΕΠΑΣ,,ΕΝΔΙΑΜΕΣΑ,OIK512,,1,,,"0,00","0,00","0,00",13,"0,00","0,00","0,00","0,00","0,00","0,00","0,00",ΜΕΙΓΜΑ ΚΡΕΠΑΣ,,,,,,,
ΜΕΛΙΤΖΑΝΕΣ ΠΑΠΟΥΤΣΑΚΙΑ 1 ΜΕΡΙΔΑ,,ΕΛΛΗΝΙΚΑ ΠΑΡΑΔΟΣΙΑΚΑ,OIK104,"€8,5",1,,"ΜΕΛΙΤΖΑΝΕΣ ΠΑΠΟΥΤΣΑΚΙΑ 1 ΜΕΡΙΔΑ,ΜΕΛΙΤΖΑΝΕΣ ΠΑΠΟΥΤΣΑΚΙΑ 1 ΜΕΡΙΔΑ,ΜΕΛΙΤΖΑΝΕΣ ΠΑΠΟΥΤΣΑΚΙΑ 1 ΜΕΡΙΔΑ","0,89","0,89","0,89",13,"0,12","0,12","1,01","1,01","1,01","3,02","4,02",,,,,ΜΕΛΙΤΖΑΝΕΣ ΠΑΠΟΥΤΣΑΚΙΑ 1 ΜΕΡΙΔΑ,,"ΜΕΛΙΤΖΑΝΕΣ ΠΑΠΟΥΤΣΑΚΙΑ 1 ΜΕΡΙΔΑ, ΜΕΛΙΤΖΑΝΕΣ ΠΑΠΟΥΤΣΑΚΙΑ 1 ΜΕΡΙΔΑ, ΜΕΛΙΤΖΑΝΕΣ ΠΑΠΟΥΤΣΑΚΙΑ 1 ΜΕΡΙΔΑ",
ΜΕΛΙΤΖΑΝΟΣΑΛΑΤΑ  1 ΚΙΛΟΥ,,ΟΡΕΚΤΙΚΑ,OIK104,,5,,"ΜΕΛΙΤΖΑΝΟΣΑΛΑΤΑ  1 ΚΙΛΟΥ,ΜΕΛΙΤΖΑΝΟΣΑΛΑΤΑ  1 ΚΙΛΟΥ,ΜΕΛΙΤΖΑΝΟΣΑΛΑΤΑ  1 ΚΙΛΟΥ,ΜΕΛΙΤΖΑΝΟΣΑΛΑΤΑ  1 ΚΙΛΟΥ,ΜΕΛΙΤΖΑΝΟΣΑΛΑΤΑ  1 ΚΙΛΟΥ,ΜΕΛΙΤΖΑΝΟΣΑΛΑΤΑ  1 ΚΙΛΟΥ,ΜΕΛΙΤΖΑΝΟΣΑΛΑΤΑ  1 ΚΙΛΟΥ,ΜΕΛΙΤΖΑΝΟΣΑΛΑΤΑ  1 ΚΙΛΟΥ","2,96","2,96","0,59",13,"0,39","0,39","3,35","0,67","0,67","2,01","2,68",,,,,ΜΕΛΙΤΖΑΝΟΣΑΛΑΤΑ  1 ΚΙΛΟΥ,,"ΜΕΛΙΤΖΑΝΟΣΑΛΑΤΑ  1 ΚΙΛΟΥ, ΜΕΛΙΤΖΑΝΟΣΑΛΑΤΑ  1 ΚΙΛΟΥ, ΜΕΛΙΤΖΑΝΟΣΑΛΑΤΑ  1 ΚΙΛΟΥ, ΜΕΛΙΤΖΑΝΟΣΑΛΑΤΑ  1 ΚΙΛΟΥ, ΜΕΛΙΤΖΑΝΟΣΑΛΑΤΑ  1 ΚΙΛΟΥ, ΜΕΛΙΤΖΑΝΟΣΑΛΑΤΑ  1 ΚΙΛΟΥ, ΜΕΛΙΤΖΑΝΟΣΑΛΑΤΑ  1 ΚΙΛΟΥ, ΜΕΛΙΤΖΑΝΟΣΑΛΑΤΑ  1 ΚΙΛΟΥ",
ΜΕΤΣΟΒΟΝΕ,,ΤΥΡΙΑ,OIK104,,1,,ΜΕΤΣΟΒΟΝΕ,"0,75","0,75","0,75",13,"0,10","0,10","0,85","0,85","0,85","2,54","3,39",,,,,ΜΕΤΣΟΒΟΝΕ,,ΜΕΤΣΟΒΟΝΕ,
ΜΙΚΡΗ ΠΟΙΚΙΛΙΑ ΚΡΕΑΤΙΚΩΝ,,ΚΡΕΑΤΙΚΑ ΣΤΑ ΚΑΡΒΟΥΝΑ,OIK104,,1,,"ΜΙΚΡΗ ΠΟΙΚΙΛΙΑ ΚΡΕΑΤΙΚΩΝ,ΜΙΚΡΗ ΠΟΙΚΙΛΙΑ ΚΡΕΑΤΙΚΩΝ,ΜΙΚΡΗ ΠΟΙΚΙΛΙΑ ΚΡΕΑΤΙΚΩΝ,ΜΙΚΡΗ ΠΟΙΚΙΛΙΑ ΚΡΕΑΤΙΚΩΝ,ΜΙΚΡΗ ΠΟΙΚΙΛΙΑ ΚΡΕΑΤΙΚΩΝ,ΜΙΚΡΗ ΠΟΙΚΙΛΙΑ ΚΡΕΑΤΙΚΩΝ,ΜΙΚΡΗ ΠΟΙΚΙΛΙΑ ΚΡΕΑΤΙΚΩΝ","2,47","2,47","2,47",13,"0,32","0,32","2,79","2,79","2,79","8,38","11,17",,,,,ΜΙΚΡΗ ΠΟΙΚΙΛΙΑ ΚΡΕΑΤΙΚΩΝ,,"ΜΙΚΡΗ ΠΟΙΚΙΛΙΑ ΚΡΕΑΤΙΚΩΝ, ΜΙΚΡΗ ΠΟΙΚΙΛΙΑ ΚΡΕΑΤΙΚΩΝ, ΜΙΚΡΗ ΠΟΙΚΙΛΙΑ ΚΡΕΑΤΙΚΩΝ, ΜΙΚΡΗ ΠΟΙΚΙΛΙΑ ΚΡΕΑΤΙΚΩΝ, ΜΙΚΡΗ ΠΟΙΚΙΛΙΑ ΚΡΕΑΤΙΚΩΝ, ΜΙΚΡΗ ΠΟΙΚΙΛΙΑ ΚΡΕΑΤΙΚΩΝ, ΜΙΚΡΗ ΠΟΙΚΙΛΙΑ ΚΡΕΑΤΙΚΩΝ",
ΜΟΣΧΑΡΙΣΙΑ ΜΠΡΙΖΟΛΑ,,ΚΡΕΑΤΙΚΑ ΣΤΑ ΚΑΡΒΟΥΝΑ,OIK104,"€29,0",1,,,"0,00","0,00","0,00",13,"0,00","0,00","0,00","0,00","0,00","0,00","0,00",,,,,ΜΟΣΧΑΡΙΣΙΑ ΜΠΡΙΖΟΛΑ,,"ΜΟΣΧΑΡΙΣΙΑ ΜΠΡΙΖΟΛΑ, ΜΟΣΧΑΡΙΣΙΑ ΜΠΡΙΖΟΛΑ, ΜΟΣΧΑΡΙΣΙΑ ΜΠΡΙΖΟΛΑ",
ΜΟΣΧΑΡΙΣΙΑ ΣΠΑΛΟΜΠΡΙΖΟΛΑ,,ΚΡΕΑΤΙΚΑ ΣΤΑ ΚΑΡΒΟΥΝΑ,OIK104,,1,,"ΜΟΣΧΑΡΙΣΙΑ ΣΠΑΛΟΜΠΡΙΖΟΛΑ,ΜΟΣΧΑΡΙΣΙΑ ΣΠΑΛΟΜΠΡΙΖΟΛΑ,ΜΟΣΧΑΡΙΣΙΑ ΣΠΑΛΟΜΠΡΙΖΟΛΑ","12,07","12,07","12,07",13,"1,57","1,57","13,64","13,64","13,64","40,93","54,57",,,,,ΜΟΣΧΑΡΙΣΙΑ ΣΠΑΛΟΜΠΡΙΖΟΛΑ,,"ΜΟΣΧΑΡΙΣΙΑ ΣΠΑΛΟΜΠΡΙΖΟΛΑ, ΜΟΣΧΑΡΙΣΙΑ ΣΠΑΛΟΜΠΡΙΖΟΛΑ, ΜΟΣΧΑΡΙΣΙΑ ΣΠΑΛΟΜΠΡΙΖΟΛΑ",
ΜΟΥΣΑΚΑΣ 12 ΜΕΡΙΔΕΣ,,ΕΛΛΗΝΙΚΑ ΠΑΡΑΔΟΣΙΑΚΑ,OIK104,"€10,0",12,,"ΜΟΥΣΑΚΑΣ 12 ΜΕΡΙΔΕΣ,ΜΟΥΣΑΚΑΣ 12 ΜΕΡΙΔΕΣ,ΜΟΥΣΑΚΑΣ 12 ΜΕΡΙΔΕΣ,ΜΟΥΣΑΚΑΣ 12 ΜΕΡΙΔΕΣ,ΜΟΥΣΑΚΑΣ 12 ΜΕΡΙΔΕΣ,ΜΟΥΣΑΚΑΣ 12 ΜΕΡΙΔΕΣ,ΜΟΥΣΑΚΑΣ 12 ΜΕΡΙΔΕΣ,ΜΟΥΣΑΚΑΣ 12 ΜΕΡΙΔΕΣ,ΜΟΥΣΑΚΑΣ 12 ΜΕΡΙΔΕΣ,ΜΟΥΣΑΚΑΣ 12 ΜΕΡΙΔΕΣ,ΜΟΥΣΑΚΑΣ 12 ΜΕΡΙΔΕΣ","13,60","14,87","1,24",13,"1,77","1,93","16,80","1,28","1,40","4,20","5,60",,,,,ΜΟΥΣΑΚΑΣ 12 ΜΕΡΙΔΕΣ,,"ΜΟΥΣΑΚΑΣ 12 ΜΕΡΙΔΕΣ, ΜΟΥΣΑΚΑΣ 12 ΜΕΡΙΔΕΣ, ΜΟΥΣΑΚΑΣ 12 ΜΕΡΙΔΕΣ, ΜΟΥΣΑΚΑΣ 12 ΜΕΡΙΔΕΣ, ΜΟΥΣΑΚΑΣ 12 ΜΕΡΙΔΕΣ, ΜΟΥΣΑΚΑΣ 12 ΜΕΡΙΔΕΣ, ΜΟΥΣΑΚΑΣ 12 ΜΕΡΙΔΕΣ, ΜΟΥΣΑΚΑΣ 12 ΜΕΡΙΔΕΣ, ΜΟΥΣΑΚΑΣ 12 ΜΕΡΙΔΕΣ, ΜΟΥΣΑΚΑΣ 12 ΜΕΡΙΔΕΣ, ΜΟΥΣΑΚΑΣ 12 ΜΕΡΙΔΕΣ",
ΜΠΑΡΕΣ ΔΗΜΗΤΡΙΑΚΩΝ,,ΠΡΩΙΝΟ,OIK512,,1,,"ΜΠΑΡΕΣ ΔΗΜΗΤΡΙΑΚΩΝ,ΜΠΑΡΕΣ ΔΗΜΗΤΡΙΑΚΩΝ,ΜΠΑΡΕΣ ΔΗΜΗΤΡΙΑΚΩΝ,ΜΠΑΡΕΣ ΔΗΜΗΤΡΙΑΚΩΝ,ΜΠΑΡΕΣ ΔΗΜΗΤΡΙΑΚΩΝ,ΜΠΑΡΕΣ ΔΗΜΗΤΡΙΑΚΩΝ,ΜΠΑΡΕΣ ΔΗΜΗΤΡΙΑΚΩΝ,ΜΠΑΡΕΣ ΔΗΜΗΤΡΙΑΚΩΝ","37,01","37,01","37,01",13,"4,81","4,81","41,82","41,82","41,82","125,47","167,29",,,,,,,,
ΜΠΕΡΓΚΕΡ ,,ΣΝΑΚΣ,OIK512,,1,,"ΜΠΕΡΓΚΕΡ ,ΜΠΕΡΓΚΕΡ ,ΜΠΕΡΓΚΕΡ ,ΜΠΕΡΓΚΕΡ ,ΜΠΕΡΓΚΕΡ ,ΜΠΕΡΓΚΕΡ ,ΜΠΕΡΓΚΕΡ ","0,42","0,70","0,70",13,"0,06","0,09","0,79","0,48","0,79","2,37","3,16",,,,,,,,
ΜΠΕΡΓΚΕΡ YACHT CLUB,,ΚΡΕΑΤΙΚΑ ΣΤΑ ΚΑΡΒΟΥΝΑ,OIK104,"€11,0",1,,"ΜΠΕΡΓΚΕΡ YACHT CLUB,ΜΠΕΡΓΚΕΡ YACHT CLUB,ΜΠΕΡΓΚΕΡ YACHT CLUB,ΜΠΕΡΓΚΕΡ YACHT CLUB,ΜΠΕΡΓΚΕΡ YACHT CLUB,ΜΠΕΡΓΚΕΡ YACHT CLUB,ΜΠΕΡΓΚΕΡ YACHT CLUB,ΜΠΕΡΓΚΕΡ YACHT CLUB,ΜΠΕΡΓΚΕΡ YACHT CLUB","0,75","1,04","1,04",13,"0,10","0,14","1,18","0,85","1,18","3,54","4,72",,,,,ΜΠΕΡΓΚΕΡ YACHT CLUB,,"ΜΠΕΡΓΚΕΡ YACHT CLUB, ΜΠΕΡΓΚΕΡ YACHT CLUB, ΜΠΕΡΓΚΕΡ YACHT CLUB, ΜΠΕΡΓΚΕΡ YACHT CLUB, ΜΠΕΡΓΚΕΡ YACHT CLUB, ΜΠΕΡΓΚΕΡ YACHT CLUB, ΜΠΕΡΓΚΕΡ YACHT CLUB, ΜΠΕΡΓΚΕΡ YACHT CLUB, ΜΠΕΡΓΚΕΡ YACHT CLUB",
ΜΠΕΣΑΜΕΛ 12 ΜΕΡΙΔΕΣ,,ΕΝΔΙΑΜΕΣΑ,"OIK104,OIK512",,12,,"ΜΠΕΣΑΜΕΛ 12 ΜΕΡΙΔΕΣ,ΜΠΕΣΑΜΕΛ 12 ΜΕΡΙΔΕΣ,ΜΠΕΣΑΜΕΛ 12 ΜΕΡΙΔΕΣ,ΜΠΕΣΑΜΕΛ 12 ΜΕΡΙΔΕΣ,ΜΠΕΣΑΜΕΛ 12 ΜΕΡΙΔΕΣ,ΜΠΕΣΑΜΕΛ 12 ΜΕΡΙΔΕΣ,ΜΠΕΣΑΜΕΛ 12 ΜΕΡΙΔΕΣ,ΜΠΕΣΑΜΕΛ 12 ΜΕΡΙΔΕΣ","6,72","6,72","0,56",13,"0,87","0,87","7,60","0,63","0,63","1,90","2,53","ΜΠΕΣΑΜΕΛ 12 ΜΕΡΙΔΕΣ,ΜΠΕΣΑΜΕΛ 12 ΜΕΡΙΔΕΣ",,,,,,"""ΜΠΕΣΑΜΕΛ 12 ΜΕΡΙΔΕΣ, ΜΠΕΣΑΜΕΛ 12 ΜΕΡΙΔΕΣ"", ΜΠΕΣΑΜΕΛ 12 ΜΕΡΙΔΕΣ, ΜΠΕΣΑΜΕΛ 12 ΜΕΡΙΔΕΣ, ΜΠΕΣΑΜΕΛ 12 ΜΕΡΙΔΕΣ, ΜΠΕΣΑΜΕΛ 12 ΜΕΡΙΔΕΣ, ΜΠΕΣΑΜΕΛ 12 ΜΕΡΙΔΕΣ, ΜΠΕΣΑΜΕΛ 12 ΜΕΡΙΔΕΣ, ΜΠΕΣΑΜΕΛ 12 ΜΕΡΙΔΕΣ, ΜΠΕΣΑΜΕΛ 12 ΜΕΡΙΔΕΣ, ΜΠΕΣΑΜΕΛ 12 ΜΕΡΙΔΕΣ, ΜΠΕΣΑΜΕΛ 12 ΜΕΡΙΔΕΣ, ΜΠΕΣΑΜΕΛ 12 ΜΕΡΙΔΕΣ, ΜΠΕΣΑΜΕΛ 12 ΜΕΡΙΔΕΣ, ΜΠΕΣΑΜΕΛ 12 ΜΕΡΙΔΕΣ, ΜΠΕΣΑΜΕΛ 12 ΜΕΡΙΔΕΣ, ΜΠΕΣΑΜΕΛ 12 ΜΕΡΙΔΕΣ",
ΜΠΙΦΤΕΚΙ ΚΟΤΟΠΟΥΛΟ,,ΕΝΔΙΑΜΕΣΑ,OIK104,,1,,"ΜΠΙΦΤΕΚΙ ΚΟΤΟΠΟΥΛΟ,ΜΠΙΦΤΕΚΙ ΚΟΤΟΠΟΥΛΟ,ΜΠΙΦΤΕΚΙ ΚΟΤΟΠΟΥΛΟ,ΜΠΙΦΤΕΚΙ ΚΟΤΟΠΟΥΛΟ,ΜΠΙΦΤΕΚΙ ΚΟΤΟΠΟΥΛΟ,ΜΠΙΦΤΕΚΙ ΚΟΤΟΠΟΥΛΟ,ΜΠΙΦΤΕΚΙ ΚΟΤΟΠΟΥΛΟ,ΜΠΙΦΤΕΚΙ ΚΟΤΟΠΟΥΛΟ","1,02","1,02","1,02",13,"0,13","0,13","1,15","1,15","1,15","3,45","4,60",ΜΠΙΦΤΕΚΙ ΚΟΤΟΠΟΥΛΟ,,,,ΜΠΙΦΤΕΚΙ ΚΟΤΟΠΟΥΛΟ,,"ΜΠΙΦΤΕΚΙ ΚΟΤΟΠΟΥΛΟ, ΜΠΙΦΤΕΚΙ ΚΟΤΟΠΟΥΛΟ, ΜΠΙΦΤΕΚΙ ΚΟΤΟΠΟΥΛΟ, ΜΠΙΦΤΕΚΙ ΚΟΤΟΠΟΥΛΟ, ΜΠΙΦΤΕΚΙ ΚΟΤΟΠΟΥΛΟ, ΜΠΙΦΤΕΚΙ ΚΟΤΟΠΟΥΛΟ, ΜΠΙΦΤΕΚΙ ΚΟΤΟΠΟΥΛΟ, ΜΠΙΦΤΕΚΙ ΚΟΤΟΠΟΥΛΟ",
ΜΠΙΦΤΕΚΙ ΜΟΣΧΑΡΙΣΙΟ,,ΚΡΕΑΤΙΚΑ ΣΤΑ ΚΑΡΒΟΥΝΑ,OIK104,"€12,0",1,,"ΜΠΙΦΤΕΚΙ ΜΟΣΧΑΡΙΣΙΟ,ΜΠΙΦΤΕΚΙ ΜΟΣΧΑΡΙΣΙΟ","0,06","0,29","0,29",13,"0,01","0,04","0,33","0,06","0,33","0,99","1,32",,,,,ΜΠΙΦΤΕΚΙ ΜΟΣΧΑΡΙΣΙΟ,,"ΜΠΙΦΤΕΚΙ ΜΟΣΧΑΡΙΣΙΟ, ΜΠΙΦΤΕΚΙ ΜΟΣΧΑΡΙΣΙΟ",
ΜΠΙΦΤΕΚΙ ΜΟΣΧΑΡΙΣΙΟ 11 ΤΕΜΑΧΙΑ,,ΕΝΔΙΑΜΕΣΑ,OIK104,,11,,"ΜΠΙΦΤΕΚΙ ΜΟΣΧΑΡΙΣΙΟ 11 ΤΕΜΑΧΙΑ,ΜΠΙΦΤΕΚΙ ΜΟΣΧΑΡΙΣΙΟ 11 ΤΕΜΑΧΙΑ,ΜΠΙΦΤΕΚΙ ΜΟΣΧΑΡΙΣΙΟ 11 ΤΕΜΑΧΙΑ,ΜΠΙΦΤΕΚΙ ΜΟΣΧΑΡΙΣΙΟ 11 ΤΕΜΑΧΙΑ,ΜΠΙΦΤΕΚΙ ΜΟΣΧΑΡΙΣΙΟ 11 ΤΕΜΑΧΙΑ,ΜΠΙΦΤΕΚΙ ΜΟΣΧΑΡΙΣΙΟ 11 ΤΕΜΑΧΙΑ,ΜΠΙΦΤΕΚΙ ΜΟΣΧΑΡΙΣΙΟ 11 ΤΕΜΑΧΙΑ,ΜΠΙΦΤΕΚΙ ΜΟΣΧΑΡΙΣΙΟ 11 ΤΕΜΑΧΙΑ","11,57","11,57","1,05",13,"1,50","1,50","13,07","1,19","1,19","3,56","4,75",ΜΠΙΦΤΕΚΙ ΜΟΣΧΑΡΙΣΙΟ 11 ΤΕΜΑΧΙΑ,,,,ΜΠΙΦΤΕΚΙ ΜΟΣΧΑΡΙΣΙΟ 11 ΤΕΜΑΧΙΑ,,"ΜΠΙΦΤΕΚΙ ΜΟΣΧΑΡΙΣΙΟ 11 ΤΕΜΑΧΙΑ, ΜΠΙΦΤΕΚΙ ΜΟΣΧΑΡΙΣΙΟ 11 ΤΕΜΑΧΙΑ, ΜΠΙΦΤΕΚΙ ΜΟΣΧΑΡΙΣΙΟ 11 ΤΕΜΑΧΙΑ, ΜΠΙΦΤΕΚΙ ΜΟΣΧΑΡΙΣΙΟ 11 ΤΕΜΑΧΙΑ, ΜΠΙΦΤΕΚΙ ΜΟΣΧΑΡΙΣΙΟ 11 ΤΕΜΑΧΙΑ, ΜΠΙΦΤΕΚΙ ΜΟΣΧΑΡΙΣΙΟ 11 ΤΕΜΑΧΙΑ, ΜΠΙΦΤΕΚΙ ΜΟΣΧΑΡΙΣΙΟ 11 ΤΕΜΑΧΙΑ, ΜΠΙΦΤΕΚΙ ΜΟΣΧΑΡΙΣΙΟ 11 ΤΕΜΑΧΙΑ",
ΜΠΡΙΖΟΛΑ ΜΟΣΧΑΡΙΣΙΑ,,ΚΡΕΑΤΙΚΑ ΣΤΑ ΚΑΡΒΟΥΝΑ,OIK104,,1,,"ΜΠΡΙΖΟΛΑ ΜΟΣΧΑΡΙΣΙΑ,ΜΠΡΙΖΟΛΑ ΜΟΣΧΑΡΙΣΙΑ,ΜΠΡΙΖΟΛΑ ΜΟΣΧΑΡΙΣΙΑ","9,78","9,78","9,78",13,"1,27","1,27","11,05","11,05","11,05","33,14","44,19",,,,,ΜΠΡΙΖΟΛΑ ΜΟΣΧΑΡΙΣΙΑ,,"ΜΠΡΙΖΟΛΑ ΜΟΣΧΑΡΙΣΙΑ, ΜΠΡΙΖΟΛΑ ΜΟΣΧΑΡΙΣΙΑ",
ΜΠΡΙΖΟΛΑ ΧΟΙΡΙΝΗ,,ΚΡΕΑΤΙΚΑ ΣΤΑ ΚΑΡΒΟΥΝΑ,OIK104,,1,,"""ΜΠΡΙΖΟΛΑ ΧΟΙΡΙΝΗ, ΜΠΡΙΖΟΛΑ ΧΟΙΡΙΝΗ ΛΑΙΜΟΥ"",ΜΠΡΙΖΟΛΑ ΧΟΙΡΙΝΗ,ΜΠΡΙΖΟΛΑ ΧΟΙΡΙΝΗ","4,98","4,98","4,98",13,"0,65","0,65","5,63","5,63","5,63","16,88","22,51",,,,,ΜΠΡΙΖΟΛΑ ΧΟΙΡΙΝΗ,,"ΜΠΡΙΖΟΛΑ ΧΟΙΡΙΝΗ, ΜΠΡΙΖΟΛΑ ΧΟΙΡΙΝΗ",
ΜΠΡΙΖΟΛΑ ΧΟΙΡΙΝΗ ΛΑΙΜΟΥ,,ΚΥΡΙΩΣ,OIK512,,1,,"""ΜΠΡΙΖΟΛΑ ΧΟΙΡΙΝΗ, ΜΠΡΙΖΟΛΑ ΧΟΙΡΙΝΗ ΛΑΙΜΟΥ"",ΜΠΡΙΖΟΛΑ ΧΟΙΡΙΝΗ ΛΑΙΜΟΥ,ΜΠΡΙΖΟΛΑ ΧΟΙΡΙΝΗ ΛΑΙΜΟΥ","7,22","7,49","7,49",13,"0,94","0,97","8,47","8,16","8,47","25,41","33,88",,,,,,,,
ΜΠΡΙΖΟΛΟΠΑΝΣΕΤΑ ΧΟΙΡΙΝΗ,,ΚΡΕΑΤΙΚΑ ΣΤΑ ΚΑΡΒΟΥΝΑ,OIK104,"€18,0",1,,"ΜΠΡΙΖΟΛΟΠΑΝΣΕΤΑ ΧΟΙΡΙΝΗ,ΜΠΡΙΖΟΛΟΠΑΝΣΕΤΑ ΧΟΙΡΙΝΗ,ΜΠΡΙΖΟΛΟΠΑΝΣΕΤΑ ΧΟΙΡΙΝΗ","3,36","3,36","3,36",13,"0,44","0,44","3,79","3,79","3,79","11,37","15,16",,,,,ΜΠΡΙΖΟΛΟΠΑΝΣΕΤΑ ΧΟΙΡΙΝΗ,,"ΜΠΡΙΖΟΛΟΠΑΝΣΕΤΑ ΧΟΙΡΙΝΗ, ΜΠΡΙΖΟΛΟΠΑΝΣΕΤΑ ΧΟΙΡΙΝΗ, ΜΠΡΙΖΟΛΟΠΑΝΣΕΤΑ ΧΟΙΡΙΝΗ",
ΜΠΡΟΥΣΚΕΤΑ / ΠΡΟΜΑΔΑ,,ΟΡΕΚΤΙΚΑ,OIK104,"€5,0",1,,"ΜΠΡΟΥΣΚΕΤΑ / ΠΡΟΜΑΔΑ,ΜΠΡΟΥΣΚΕΤΑ / ΠΡΟΜΑΔΑ,ΜΠΡΟΥΣΚΕΤΑ / ΠΡΟΜΑΔΑ,ΜΠΡΟΥΣΚΕΤΑ / ΠΡΟΜΑΔΑ,ΜΠΡΟΥΣΚΕΤΑ / ΠΡΟΜΑΔΑ,ΜΠΡΟΥΣΚΕΤΑ / ΠΡΟΜΑΔΑ","0,51","0,51","0,51",13,"0,07","0,07","0,58","0,58","0,58","1,74","2,32",,,,,ΜΠΡΟΥΣΚΕΤΑ / ΠΡΟΜΑΔΑ,,"ΜΠΡΟΥΣΚΕΤΑ / ΠΡΟΜΑΔΑ, ΜΠΡΟΥΣΚΕΤΑ / ΠΡΟΜΑΔΑ, ΜΠΡΟΥΣΚΕΤΑ / ΠΡΟΜΑΔΑ, ΜΠΡΟΥΣΚΕΤΑ / ΠΡΟΜΑΔΑ, ΜΠΡΟΥΣΚΕΤΑ / ΠΡΟΜΑΔΑ, ΜΠΡΟΥΣΚΕΤΑ / ΠΡΟΜΑΔΑ",
ΝΤΑΚΟΣ,,ΣΑΛΑΤΕΣ,OIK512,,1,,"ΝΤΑΚΟΣ,ΝΤΑΚΟΣ,ΝΤΑΚΟΣ,ΝΤΑΚΟΣ,ΝΤΑΚΟΣ,ΝΤΑΚΟΣ","1,79","1,79","1,79",13,"0,23","0,23","2,02","2,02","2,02","6,06","8,08",,,,,,,,
ΝΤΙΠ ΚΟΜΠΙΝΕΣΙΟΝ,,ΟΡΕΚΤΙΚΑ,OIK104,"€15,0",1,,"ΝΤΙΠ ΚΟΜΠΙΝΕΣΙΟΝ,ΝΤΙΠ ΚΟΜΠΙΝΕΣΙΟΝ,ΝΤΙΠ ΚΟΜΠΙΝΕΣΙΟΝ,ΝΤΙΠ ΚΟΜΠΙΝΕΣΙΟΝ,ΝΤΙΠ ΚΟΜΠΙΝΕΣΙΟΝ","0,77","0,77","0,77",13,"0,10","0,10","0,87","0,87","0,87","2,61","3,48",,,,,ΝΤΙΠ ΚΟΜΠΙΝΕΣΙΟΝ,,"ΝΤΙΠ ΚΟΜΠΙΝΕΣΙΟΝ, ΝΤΙΠ ΚΟΜΠΙΝΕΣΙΟΝ, ΝΤΙΠ ΚΟΜΠΙΝΕΣΙΟΝ, ΝΤΙΠ ΚΟΜΠΙΝΕΣΙΟΝ, ΝΤΙΠ ΚΟΜΠΙΝΕΣΙΟΝ",
ΝΤΟΛΜΑΔΑΚΙΑ ΓΙΑΛΑΝΤΖΙ 60 TEM,,ΕΛΛΗΝΙΚΑ ΠΑΡΑΔΟΣΙΑΚΑ,OIK104,"€8,0",20,,"ΝΤΟΛΜΑΔΑΚΙΑ ΓΙΑΛΑΝΤΖΙ 60 TEM,ΝΤΟΛΜΑΔΑΚΙΑ ΓΙΑΛΑΝΤΖΙ 60 TEM,ΝΤΟΛΜΑΔΑΚΙΑ ΓΙΑΛΑΝΤΖΙ 60 TEM,ΝΤΟΛΜΑΔΑΚΙΑ ΓΙΑΛΑΝΤΖΙ 60 TEM,ΝΤΟΛΜΑΔΑΚΙΑ ΓΙΑΛΑΝΤΖΙ 60 TEM,ΝΤΟΛΜΑΔΑΚΙΑ ΓΙΑΛΑΝΤΖΙ 60 TEM,ΝΤΟΛΜΑΔΑΚΙΑ ΓΙΑΛΑΝΤΖΙ 60 TEM,ΝΤΟΛΜΑΔΑΚΙΑ ΓΙΑΛΑΝΤΖΙ 60 TEM,ΝΤΟΛΜΑΔΑΚΙΑ ΓΙΑΛΑΝΤΖΙ 60 TEM,ΝΤΟΛΜΑΔΑΚΙΑ ΓΙΑΛΑΝΤΖΙ 60 TEM,ΝΤΟΛΜΑΔΑΚΙΑ ΓΙΑΛΑΝΤΖΙ 60 TEM","9,84","9,84","0,49",13,"1,28","1,28","11,12","0,56","0,56","1,67","2,22",,,,,ΝΤΟΛΜΑΔΑΚΙΑ ΓΙΑΛΑΝΤΖΙ 60 TEM,,"ΝΤΟΛΜΑΔΑΚΙΑ ΓΙΑΛΑΝΤΖΙ 60 TEM, ΝΤΟΛΜΑΔΑΚΙΑ ΓΙΑΛΑΝΤΖΙ 60 TEM, ΝΤΟΛΜΑΔΑΚΙΑ ΓΙΑΛΑΝΤΖΙ 60 TEM, ΝΤΟΛΜΑΔΑΚΙΑ ΓΙΑΛΑΝΤΖΙ 60 TEM, ΝΤΟΛΜΑΔΑΚΙΑ ΓΙΑΛΑΝΤΖΙ 60 TEM, ΝΤΟΛΜΑΔΑΚΙΑ ΓΙΑΛΑΝΤΖΙ 60 TEM, ΝΤΟΛΜΑΔΑΚΙΑ ΓΙΑΛΑΝΤΖΙ 60 TEM, ΝΤΟΛΜΑΔΑΚΙΑ ΓΙΑΛΑΝΤΖΙ 60 TEM, ΝΤΟΛΜΑΔΑΚΙΑ ΓΙΑΛΑΝΤΖΙ 60 TEM, ΝΤΟΛΜΑΔΑΚΙΑ ΓΙΑΛΑΝΤΖΙ 60 TEM, ΝΤΟΛΜΑΔΑΚΙΑ ΓΙΑΛΑΝΤΖΙ 60 TEM",
ΟΛΙΚΗΣ VEGETARIAN ,,ΤΥΛΙΧΤΗ ΠΙΤΑ,OIK512,,1,,"ΟΛΙΚΗΣ VEGETARIAN ,ΟΛΙΚΗΣ VEGETARIAN ,ΟΛΙΚΗΣ VEGETARIAN ,ΟΛΙΚΗΣ VEGETARIAN ,ΟΛΙΚΗΣ VEGETARIAN ","0,67","0,89","0,89",13,"0,09","0,12","1,00","0,76","1,00","3,01","4,02",,,,,,,,
ΟΜΕΛΕΤΑ ΚΛΑΣΣΙΚΗ,,ΠΡΩΙΝΟ,OIK512,,1,,"ΟΜΕΛΕΤΑ ΚΛΑΣΣΙΚΗ,ΟΜΕΛΕΤΑ ΚΛΑΣΣΙΚΗ,ΟΜΕΛΕΤΑ ΚΛΑΣΣΙΚΗ,ΟΜΕΛΕΤΑ ΚΛΑΣΣΙΚΗ,ΟΜΕΛΕΤΑ ΚΛΑΣΣΙΚΗ","0,65","0,65","0,65",13,"0,08","0,08","0,74","0,74","0,74","2,21","2,95",,,,,,,,
ΠΑΙΔΙΚΗ,,ΠΙΤΣΑ,OIK512,"€10,0",1,,"ΠΑΙΔΙΚΗ,ΠΑΙΔΙΚΗ,ΠΑΙΔΙΚΗ,ΠΑΙΔΙΚΗ,ΠΑΙΔΙΚΗ","1,50","2,57","2,57",13,"0,20","0,33","2,90","1,70","2,90","8,71","11,61",,,,,,,,
ΠΑΝΤΖΑΡΟΣΑΛΑΤΑ 1 ΚΙΛΟΥ,,ΟΡΕΚΤΙΚΑ,OIK104,"€6,0",5,,"ΠΑΝΤΖΑΡΟΣΑΛΑΤΑ 1 ΚΙΛΟΥ,ΠΑΝΤΖΑΡΟΣΑΛΑΤΑ 1 ΚΙΛΟΥ,ΠΑΝΤΖΑΡΟΣΑΛΑΤΑ 1 ΚΙΛΟΥ,ΠΑΝΤΖΑΡΟΣΑΛΑΤΑ 1 ΚΙΛΟΥ,ΠΑΝΤΖΑΡΟΣΑΛΑΤΑ 1 ΚΙΛΟΥ,ΠΑΝΤΖΑΡΟΣΑΛΑΤΑ 1 ΚΙΛΟΥ,ΠΑΝΤΖΑΡΟΣΑΛΑΤΑ 1 ΚΙΛΟΥ,ΠΑΝΤΖΑΡΟΣΑΛΑΤΑ 1 ΚΙΛΟΥ","7,19","7,19","1,44",13,"0,93","0,93","8,13","1,63","1,63","4,88","6,50",,,,,ΠΑΝΤΖΑΡΟΣΑΛΑΤΑ 1 ΚΙΛΟΥ,,"ΠΑΝΤΖΑΡΟΣΑΛΑΤΑ 1 ΚΙΛΟΥ, ΠΑΝΤΖΑΡΟΣΑΛΑΤΑ 1 ΚΙΛΟΥ, ΠΑΝΤΖΑΡΟΣΑΛΑΤΑ 1 ΚΙΛΟΥ, ΠΑΝΤΖΑΡΟΣΑΛΑΤΑ 1 ΚΙΛΟΥ, ΠΑΝΤΖΑΡΟΣΑΛΑΤΑ 1 ΚΙΛΟΥ, ΠΑΝΤΖΑΡΟΣΑΛΑΤΑ 1 ΚΙΛΟΥ, ΠΑΝΤΖΑΡΟΣΑΛΑΤΑ 1 ΚΙΛΟΥ",
ΠΑΤΑΤΕΣ ΤΗΓΑΝΗΤΕΣ 1 ΚΙΛΟ,,ΕΝΔΙΑΜΕΣΑ,OIK104,,1,,"ΠΑΤΑΤΕΣ ΤΗΓΑΝΗΤΕΣ 1 ΚΙΛΟ,ΠΑΤΑΤΕΣ ΤΗΓΑΝΗΤΕΣ 1 ΚΙΛΟ","2,43","2,43","2,43",13,"0,32","0,32","2,75","2,75","2,75","8,24","10,98","ΠΑΤΑΤΕΣ ΤΗΓΑΝΗΤΕΣ 1 ΚΙΛΟ,ΠΑΤΑΤΕΣ ΤΗΓΑΝΗΤΕΣ 1 ΚΙΛΟ",,,,,,"""ΠΑΤΑΤΕΣ ΤΗΓΑΝΗΤΕΣ 1 ΚΙΛΟ, ΠΑΤΑΤΕΣ ΤΗΓΑΝΗΤΕΣ 1 ΚΙΛΟ"", ΠΑΤΑΤΕΣ ΤΗΓΑΝΗΤΕΣ 1 ΚΙΛΟ, ΠΑΤΑΤΕΣ ΤΗΓΑΝΗΤΕΣ 1 ΚΙΛΟ, ΠΑΤΑΤΕΣ ΤΗΓΑΝΗΤΕΣ 1 ΚΙΛΟ",
ΠΑΤΑΤΕΣ ΤΗΓΑΝΗΤΕΣ ΜΕΡΙΔΑ (250 ΓΡ),,ΟΡΕΚΤΙΚΑ,OIK104,"€5,0",1,,"ΠΑΤΑΤΕΣ ΤΗΓΑΝΗΤΕΣ ΜΕΡΙΔΑ (250 ΓΡ),ΠΑΤΑΤΕΣ ΤΗΓΑΝΗΤΕΣ ΜΕΡΙΔΑ (250 ΓΡ)","0,61","0,61","0,61",13,"0,08","0,08","0,69","0,69","0,69","2,06","2,75",,,,,ΠΑΤΑΤΕΣ ΤΗΓΑΝΗΤΕΣ ΜΕΡΙΔΑ (250 ΓΡ),,"ΠΑΤΑΤΕΣ ΤΗΓΑΝΗΤΕΣ ΜΕΡΙΔΑ (250 ΓΡ), ΠΑΤΑΤΕΣ ΤΗΓΑΝΗΤΕΣ ΜΕΡΙΔΑ (250 ΓΡ)",
ΠΕΝΝΕΣ ΜΕ ΦΙΛΕΤΑΚΙΑ ΚΟΤΟΠΟΥΛΟ,,ΠΑΣΤΕΣ - ΡΙΖΟΤΑ,OIK104,"€10,0",1,,"ΠΕΝΝΕΣ ΜΕ ΦΙΛΕΤΑΚΙΑ ΚΟΤΟΠΟΥΛΟ,ΠΕΝΝΕΣ ΜΕ ΦΙΛΕΤΑΚΙΑ ΚΟΤΟΠΟΥΛΟ,ΠΕΝΝΕΣ ΜΕ ΦΙΛΕΤΑΚΙΑ ΚΟΤΟΠΟΥΛΟ,ΠΕΝΝΕΣ ΜΕ ΦΙΛΕΤΑΚΙΑ ΚΟΤΟΠΟΥΛΟ,ΠΕΝΝΕΣ ΜΕ ΦΙΛΕΤΑΚΙΑ ΚΟΤΟΠΟΥΛΟ,ΠΕΝΝΕΣ ΜΕ ΦΙΛΕΤΑΚΙΑ ΚΟΤΟΠΟΥΛΟ,ΠΕΝΝΕΣ ΜΕ ΦΙΛΕΤΑΚΙΑ ΚΟΤΟΠΟΥΛΟ,ΠΕΝΝΕΣ ΜΕ ΦΙΛΕΤΑΚΙΑ ΚΟΤΟΠΟΥΛΟ","1,76","1,76","1,76",13,"0,23","0,23","1,99","1,99","1,99","5,98","7,98",,,,,ΠΕΝΝΕΣ ΜΕ ΦΙΛΕΤΑΚΙΑ ΚΟΤΟΠΟΥΛΟ,,"ΠΕΝΝΕΣ ΜΕ ΦΙΛΕΤΑΚΙΑ ΚΟΤΟΠΟΥΛΟ, ΠΕΝΝΕΣ ΜΕ ΦΙΛΕΤΑΚΙΑ ΚΟΤΟΠΟΥΛΟ, ΠΕΝΝΕΣ ΜΕ ΦΙΛΕΤΑΚΙΑ ΚΟΤΟΠΟΥΛΟ, ΠΕΝΝΕΣ ΜΕ ΦΙΛΕΤΑΚΙΑ ΚΟΤΟΠΟΥΛΟ, ΠΕΝΝΕΣ ΜΕ ΦΙΛΕΤΑΚΙΑ ΚΟΤΟΠΟΥΛΟ, ΠΕΝΝΕΣ ΜΕ ΦΙΛΕΤΑΚΙΑ ΚΟΤΟΠΟΥΛΟ",
ΠΕΠΕΡΟΝΙ,,ΠΙΤΣΑ,OIK512,"€11,0",1,,"ΠΕΠΕΡΟΝΙ,ΠΕΠΕΡΟΝΙ,ΠΕΠΕΡΟΝΙ,ΠΕΠΕΡΟΝΙ,ΠΕΠΕΡΟΝΙ,ΠΕΠΕΡΟΝΙ","1,73","2,80","2,80",13,"0,22","0,36","3,16","1,96","3,16","9,48","12,64",,,,,,,,
ΠΕΤΑΛΙ,,ΨΑΡΙΑ ΘΑΛΑΣΣΙΝΑ ΣΤΑ ΚΑΡΒΟΥΝΑ,OIK104,"€36,0",1,,"ΠΕΤΑΛΙ,ΠΕΤΑΛΙ,ΠΕΤΑΛΙ","7,14","7,14","7,14",13,"0,93","0,93","8,07","8,07","8,07","24,21","32,28",,,,,ΠΕΤΑΛΙ,,"ΠΕΤΑΛΙ, ΠΕΤΑΛΙ, ΠΕΤΑΛΙ",
ΠΙΤΣΑ ΚΑΡΜΠΟΝΑΡΑ,,ΠΙΤΣΑ,OIK512,"€11,5",1,,"ΠΙΤΣΑ ΚΑΡΜΠΟΝΑΡΑ,ΠΙΤΣΑ ΚΑΡΜΠΟΝΑΡΑ,ΠΙΤΣΑ ΚΑΡΜΠΟΝΑΡΑ,ΠΙΤΣΑ ΚΑΡΜΠΟΝΑΡΑ,ΠΙΤΣΑ ΚΑΡΜΠΟΝΑΡΑ,ΠΙΤΣΑ ΚΑΡΜΠΟΝΑΡΑ,ΠΙΤΣΑ ΚΑΡΜΠΟΝΑΡΑ","1,88","2,01","2,01",13,"0,24","0,26","2,27","2,12","2,27","6,80","9,06",,,,,,,,
ΠΙΤΣΑ ΜΠΙΑΝΚΑ,,ΠΙΤΣΑ,OIK512,"€13,5",1,,"ΠΙΤΣΑ ΜΠΙΑΝΚΑ,ΠΙΤΣΑ ΜΠΙΑΝΚΑ,ΠΙΤΣΑ ΜΠΙΑΝΚΑ,ΠΙΤΣΑ ΜΠΙΑΝΚΑ,ΠΙΤΣΑ ΜΠΙΑΝΚΑ","0,10","1,17","1,17",13,"0,01","0,15","1,32","0,12","1,32","3,96","5,28",,,,,,,,
ΠΟΙΚΙΛΙΑ ΚΡΕΑΤΙΚΩΝ,,ΚΡΕΑΤΙΚΑ ΣΤΑ ΚΑΡΒΟΥΝΑ,OIK104,"€20,0",1,,"ΠΟΙΚΙΛΙΑ ΚΡΕΑΤΙΚΩΝ,ΠΟΙΚΙΛΙΑ ΚΡΕΑΤΙΚΩΝ,ΠΟΙΚΙΛΙΑ ΚΡΕΑΤΙΚΩΝ,ΠΟΙΚΙΛΙΑ ΚΡΕΑΤΙΚΩΝ,ΠΟΙΚΙΛΙΑ ΚΡΕΑΤΙΚΩΝ,ΠΟΙΚΙΛΙΑ ΚΡΕΑΤΙΚΩΝ,ΠΟΙΚΙΛΙΑ ΚΡΕΑΤΙΚΩΝ,ΠΟΙΚΙΛΙΑ ΚΡΕΑΤΙΚΩΝ","4,09","4,09","4,09",13,"0,53","0,53","4,63","4,62","4,63","13,88","18,50",,,,,ΠΟΙΚΙΛΙΑ ΚΡΕΑΤΙΚΩΝ,,"ΠΟΙΚΙΛΙΑ ΚΡΕΑΤΙΚΩΝ, ΠΟΙΚΙΛΙΑ ΚΡΕΑΤΙΚΩΝ, ΠΟΙΚΙΛΙΑ ΚΡΕΑΤΙΚΩΝ, ΠΟΙΚΙΛΙΑ ΚΡΕΑΤΙΚΩΝ, ΠΟΙΚΙΛΙΑ ΚΡΕΑΤΙΚΩΝ, ΠΟΙΚΙΛΙΑ ΚΡΕΑΤΙΚΩΝ, ΠΟΙΚΙΛΙΑ ΚΡΕΑΤΙΚΩΝ, ΠΟΙΚΙΛΙΑ ΚΡΕΑΤΙΚΩΝ",
ΠΟΙΚΙΛΙΑ ΤΥΡΙΩΝ,,ΤΥΡΙΑ,OIK104,,1,,"ΠΟΙΚΙΛΙΑ ΤΥΡΙΩΝ,ΠΟΙΚΙΛΙΑ ΤΥΡΙΩΝ,ΠΟΙΚΙΛΙΑ ΤΥΡΙΩΝ,ΠΟΙΚΙΛΙΑ ΤΥΡΙΩΝ,ΠΟΙΚΙΛΙΑ ΤΥΡΙΩΝ,ΠΟΙΚΙΛΙΑ ΤΥΡΙΩΝ","2,91","2,91","2,91",13,"0,38","0,38","3,29","3,29","3,29","9,86","13,15",,,,,ΠΟΙΚΙΛΙΑ ΤΥΡΙΩΝ,,"ΠΟΙΚΙΛΙΑ ΤΥΡΙΩΝ, ΠΟΙΚΙΛΙΑ ΤΥΡΙΩΝ, ΠΟΙΚΙΛΙΑ ΤΥΡΙΩΝ, ΠΟΙΚΙΛΙΑ ΤΥΡΙΩΝ, ΠΟΙΚΙΛΙΑ ΤΥΡΙΩΝ, ΠΟΙΚΙΛΙΑ ΤΥΡΙΩΝ",
ΠΟΛΟ,,ΠΙΤΣΑ,OIK512,"€12,0",1,,"ΠΟΛΟ,ΠΟΛΟ,ΠΟΛΟ,ΠΟΛΟ,ΠΟΛΟ,ΠΟΛΟ,ΠΟΛΟ","2,01","3,08","3,08",13,"0,26","0,40","3,48","2,27","3,48","10,43","13,91",,,,,,,,
ΠΡΑΣΙΝΗ ΜΕ ΨΗΤΟ ΜΑΝΟΥΡΙ,,ΣΑΛΑΤΕΣ,OIK104,"€11,0",1,,"ΠΡΑΣΙΝΗ ΜΕ ΨΗΤΟ ΜΑΝΟΥΡΙ,ΠΡΑΣΙΝΗ ΜΕ ΨΗΤΟ ΜΑΝΟΥΡΙ,ΠΡΑΣΙΝΗ ΜΕ ΨΗΤΟ ΜΑΝΟΥΡΙ,ΠΡΑΣΙΝΗ ΜΕ ΨΗΤΟ ΜΑΝΟΥΡΙ,ΠΡΑΣΙΝΗ ΜΕ ΨΗΤΟ ΜΑΝΟΥΡΙ,ΠΡΑΣΙΝΗ ΜΕ ΨΗΤΟ ΜΑΝΟΥΡΙ,ΠΡΑΣΙΝΗ ΜΕ ΨΗΤΟ ΜΑΝΟΥΡΙ,ΠΡΑΣΙΝΗ ΜΕ ΨΗΤΟ ΜΑΝΟΥΡΙ,ΠΡΑΣΙΝΗ ΜΕ ΨΗΤΟ ΜΑΝΟΥΡΙ","1,48","1,51","1,51",13,"0,19","0,20","1,71","1,68","1,71","5,12","6,83",,,,,ΠΡΑΣΙΝΗ ΜΕ ΨΗΤΟ ΜΑΝΟΥΡΙ,,"ΠΡΑΣΙΝΗ ΜΕ ΨΗΤΟ ΜΑΝΟΥΡΙ, ΠΡΑΣΙΝΗ ΜΕ ΨΗΤΟ ΜΑΝΟΥΡΙ, ΠΡΑΣΙΝΗ ΜΕ ΨΗΤΟ ΜΑΝΟΥΡΙ, ΠΡΑΣΙΝΗ ΜΕ ΨΗΤΟ ΜΑΝΟΥΡΙ, ΠΡΑΣΙΝΗ ΜΕ ΨΗΤΟ ΜΑΝΟΥΡΙ, ΠΡΑΣΙΝΗ ΜΕ ΨΗΤΟ ΜΑΝΟΥΡΙ, ΠΡΑΣΙΝΗ ΜΕ ΨΗΤΟ ΜΑΝΟΥΡΙ, ΠΡΑΣΙΝΗ ΜΕ ΨΗΤΟ ΜΑΝΟΥΡΙ, ΠΡΑΣΙΝΗ ΜΕ ΨΗΤΟ ΜΑΝΟΥΡΙ",
ΠΡΟΣΟΥΤΟ,,ΠΙΤΣΑ,OIK512,,1,,"ΠΡΟΣΟΥΤΟ,ΠΡΟΣΟΥΤΟ,ΠΡΟΣΟΥΤΟ,ΠΡΟΣΟΥΤΟ,ΠΡΟΣΟΥΤΟ,ΠΡΟΣΟΥΤΟ,ΠΡΟΣΟΥΤΟ,ΠΡΟΣΟΥΤΟ","3,68","7,12","7,12",13,"0,48","0,93","8,05","4,16","8,05","24,14","32,18",,,,,,,,
ΠΡΩΙΝΟΣ ΜΠΟΥΦΕΣ ,,ΠΡΩΙΝΟ,OIK512,,1,,,"0,00","0,00","0,00",13,"0,00","0,00","0,00","0,00","0,00","0,00","0,00",,,,,,,,
ΡΙΖΟΤΟ ΦΡΕΣΚΩΝ ΑΓΡΙΩΝ ΜΑΝΙΤΑΡΙΩΝ,,ΠΑΣΤΕΣ - ΡΙΖΟΤΑ,OIK104,"€16,0",1,,"ΡΙΖΟΤΟ ΦΡΕΣΚΩΝ ΑΓΡΙΩΝ ΜΑΝΙΤΑΡΙΩΝ,ΡΙΖΟΤΟ ΦΡΕΣΚΩΝ ΑΓΡΙΩΝ ΜΑΝΙΤΑΡΙΩΝ,ΡΙΖΟΤΟ ΦΡΕΣΚΩΝ ΑΓΡΙΩΝ ΜΑΝΙΤΑΡΙΩΝ,ΡΙΖΟΤΟ ΦΡΕΣΚΩΝ ΑΓΡΙΩΝ ΜΑΝΙΤΑΡΙΩΝ,ΡΙΖΟΤΟ ΦΡΕΣΚΩΝ ΑΓΡΙΩΝ ΜΑΝΙΤΑΡΙΩΝ,ΡΙΖΟΤΟ ΦΡΕΣΚΩΝ ΑΓΡΙΩΝ ΜΑΝΙΤΑΡΙΩΝ,ΡΙΖΟΤΟ ΦΡΕΣΚΩΝ ΑΓΡΙΩΝ ΜΑΝΙΤΑΡΙΩΝ,ΡΙΖΟΤΟ ΦΡΕΣΚΩΝ ΑΓΡΙΩΝ ΜΑΝΙΤΑΡΙΩΝ,ΡΙΖΟΤΟ ΦΡΕΣΚΩΝ ΑΓΡΙΩΝ ΜΑΝΙΤΑΡΙΩΝ,ΡΙΖΟΤΟ ΦΡΕΣΚΩΝ ΑΓΡΙΩΝ ΜΑΝΙΤΑΡΙΩΝ","3,05","3,05","3,05",13,"0,40","0,40","3,45","3,45","3,45","10,36","13,81",,,,,ΡΙΖΟΤΟ ΦΡΕΣΚΩΝ ΑΓΡΙΩΝ ΜΑΝΙΤΑΡΙΩΝ,,"ΡΙΖΟΤΟ ΦΡΕΣΚΩΝ ΑΓΡΙΩΝ ΜΑΝΙΤΑΡΙΩΝ, ΡΙΖΟΤΟ ΦΡΕΣΚΩΝ ΑΓΡΙΩΝ ΜΑΝΙΤΑΡΙΩΝ, ΡΙΖΟΤΟ ΦΡΕΣΚΩΝ ΑΓΡΙΩΝ ΜΑΝΙΤΑΡΙΩΝ, ΡΙΖΟΤΟ ΦΡΕΣΚΩΝ ΑΓΡΙΩΝ ΜΑΝΙΤΑΡΙΩΝ, ΡΙΖΟΤΟ ΦΡΕΣΚΩΝ ΑΓΡΙΩΝ ΜΑΝΙΤΑΡΙΩΝ, ΡΙΖΟΤΟ ΦΡΕΣΚΩΝ ΑΓΡΙΩΝ ΜΑΝΙΤΑΡΙΩΝ, ΡΙΖΟΤΟ ΦΡΕΣΚΩΝ ΑΓΡΙΩΝ ΜΑΝΙΤΑΡΙΩΝ, ΡΙΖΟΤΟ ΦΡΕΣΚΩΝ ΑΓΡΙΩΝ ΜΑΝΙΤΑΡΙΩΝ, ΡΙΖΟΤΟ ΦΡΕΣΚΩΝ ΑΓΡΙΩΝ ΜΑΝΙΤΑΡΙΩΝ, ΡΙΖΟΤΟ ΦΡΕΣΚΩΝ ΑΓΡΙΩΝ ΜΑΝΙΤΑΡΙΩΝ",
ΡΥΖΟΓΑΛΟ,,ΠΡΩΙΝΟ,OIK512,,1,,"ΡΥΖΟΓΑΛΟ,ΡΥΖΟΓΑΛΟ,ΡΥΖΟΓΑΛΟ,ΡΥΖΟΓΑΛΟ,ΡΥΖΟΓΑΛΟ,ΡΥΖΟΓΑΛΟ","4,63","4,63","4,63",13,"0,60","0,60","5,23","5,23","5,23","15,70","20,93",,,,,,,,
ΣΑΛΑΤΑ ΚΑΙΣΑΡΑ,,ΣΑΛΑΤΕΣ,OIK512,,1,,"ΣΑΛΑΤΑ ΚΑΙΣΑΡΑ,ΣΑΛΑΤΑ ΚΑΙΣΑΡΑ,ΣΑΛΑΤΑ ΚΑΙΣΑΡΑ,ΣΑΛΑΤΑ ΚΑΙΣΑΡΑ,ΣΑΛΑΤΑ ΚΑΙΣΑΡΑ,ΣΑΛΑΤΑ ΚΑΙΣΑΡΑ","1,67","1,74","1,74",13,"0,22","0,23","1,96","1,88","1,96","5,89","7,85",,,,,,,,
ΣΑΛΑΤΑ ΚΟΤΟΠΟΥΛΟ,,ΣΑΛΑΤΕΣ,OIK512,,1,,"ΣΑΛΑΤΑ ΚΟΤΟΠΟΥΛΟ,ΣΑΛΑΤΑ ΚΟΤΟΠΟΥΛΟ,ΣΑΛΑΤΑ ΚΟΤΟΠΟΥΛΟ,ΣΑΛΑΤΑ ΚΟΤΟΠΟΥΛΟ,ΣΑΛΑΤΑ ΚΟΤΟΠΟΥΛΟ","1,69","1,69","1,69",13,"0,22","0,22","1,91","1,91","1,91","5,73","7,63",,,,,,,,
ΣΑΛΑΤΑ ΜΑΥΡΟΜΑΤΙΚΑ,,ΣΑΛΑΤΕΣ,OIK104,"€10,0",4,,"ΣΑΛΑΤΑ ΜΑΥΡΟΜΑΤΙΚΑ,ΣΑΛΑΤΑ ΜΑΥΡΟΜΑΤΙΚΑ,ΣΑΛΑΤΑ ΜΑΥΡΟΜΑΤΙΚΑ,ΣΑΛΑΤΑ ΜΑΥΡΟΜΑΤΙΚΑ,ΣΑΛΑΤΑ ΜΑΥΡΟΜΑΤΙΚΑ,ΣΑΛΑΤΑ ΜΑΥΡΟΜΑΤΙΚΑ,ΣΑΛΑΤΑ ΜΑΥΡΟΜΑΤΙΚΑ,ΣΑΛΑΤΑ ΜΑΥΡΟΜΑΤΙΚΑ,ΣΑΛΑΤΑ ΜΑΥΡΟΜΑΤΙΚΑ,ΣΑΛΑΤΑ ΜΑΥΡΟΜΑΤΙΚΑ,ΣΑΛΑΤΑ ΜΑΥΡΟΜΑΤΙΚΑ,ΣΑΛΑΤΑ ΜΑΥΡΟΜΑΤΙΚΑ,ΣΑΛΑΤΑ ΜΑΥΡΟΜΑΤΙΚΑ,ΣΑΛΑΤΑ ΜΑΥΡΟΜΑΤΙΚΑ","2,11","2,11","0,53",13,"0,27","0,27","2,38","0,60","0,60","1,79","2,38",,,,,ΣΑΛΑΤΑ ΜΑΥΡΟΜΑΤΙΚΑ,,"ΣΑΛΑΤΑ ΜΑΥΡΟΜΑΤΙΚΑ, ΣΑΛΑΤΑ ΜΑΥΡΟΜΑΤΙΚΑ, ΣΑΛΑΤΑ ΜΑΥΡΟΜΑΤΙΚΑ, ΣΑΛΑΤΑ ΜΑΥΡΟΜΑΤΙΚΑ, ΣΑΛΑΤΑ ΜΑΥΡΟΜΑΤΙΚΑ, ΣΑΛΑΤΑ ΜΑΥΡΟΜΑΤΙΚΑ, ΣΑΛΑΤΑ ΜΑΥΡΟΜΑΤΙΚΑ, ΣΑΛΑΤΑ ΜΑΥΡΟΜΑΤΙΚΑ, ΣΑΛΑΤΑ ΜΑΥΡΟΜΑΤΙΚΑ, ΣΑΛΑΤΑ ΜΑΥΡΟΜΑΤΙΚΑ, ΣΑΛΑΤΑ ΜΑΥΡΟΜΑΤΙΚΑ, ΣΑΛΑΤΑ ΜΑΥΡΟΜΑΤΙΚΑ, ΣΑΛΑΤΑ ΜΑΥΡΟΜΑΤΙΚΑ, ΣΑΛΑΤΑ ΜΑΥΡΟΜΑΤΙΚΑ",
ΣΑΛΑΤΑ ΜΕ ΦΙΛΕΤΑΚΙΑ ΚΟΤΟΠΟΥΛΟΥ,,ΣΑΛΑΤΕΣ,OIK104,"€11,0",1,,"ΣΑΛΑΤΑ ΜΕ ΦΙΛΕΤΑΚΙΑ ΚΟΤΟΠΟΥΛΟΥ,ΣΑΛΑΤΑ ΜΕ ΦΙΛΕΤΑΚΙΑ ΚΟΤΟΠΟΥΛΟΥ,ΣΑΛΑΤΑ ΜΕ ΦΙΛΕΤΑΚΙΑ ΚΟΤΟΠΟΥΛΟΥ,ΣΑΛΑΤΑ ΜΕ ΦΙΛΕΤΑΚΙΑ ΚΟΤΟΠΟΥΛΟΥ","1,39","1,39","1,39",13,"0,18","0,18","1,57","1,57","1,57","4,71","6,29",,,,,ΣΑΛΑΤΑ ΜΕ ΦΙΛΕΤΑΚΙΑ ΚΟΤΟΠΟΥΛΟΥ,,"ΣΑΛΑΤΑ ΜΕ ΦΙΛΕΤΑΚΙΑ ΚΟΤΟΠΟΥΛΟΥ, ΣΑΛΑΤΑ ΜΕ ΦΙΛΕΤΑΚΙΑ ΚΟΤΟΠΟΥΛΟΥ, ΣΑΛΑΤΑ ΜΕ ΦΙΛΕΤΑΚΙΑ ΚΟΤΟΠΟΥΛΟΥ, ΣΑΛΑΤΑ ΜΕ ΦΙΛΕΤΑΚΙΑ ΚΟΤΟΠΟΥΛΟΥ",
ΣΑΛΑΤΑ ΝΤΟΜΑΤΙΝΙΑ ΤΣΑΛΑΦΟΥΤΙ,,ΣΑΛΑΤΕΣ,OIK104,"€10,0",1,,"ΣΑΛΑΤΑ ΝΤΟΜΑΤΙΝΙΑ ΤΣΑΛΑΦΟΥΤΙ,ΣΑΛΑΤΑ ΝΤΟΜΑΤΙΝΙΑ ΤΣΑΛΑΦΟΥΤΙ,ΣΑΛΑΤΑ ΝΤΟΜΑΤΙΝΙΑ ΤΣΑΛΑΦΟΥΤΙ,ΣΑΛΑΤΑ ΝΤΟΜΑΤΙΝΙΑ ΤΣΑΛΑΦΟΥΤΙ,ΣΑΛΑΤΑ ΝΤΟΜΑΤΙΝΙΑ ΤΣΑΛΑΦΟΥΤΙ,ΣΑΛΑΤΑ ΝΤΟΜΑΤΙΝΙΑ ΤΣΑΛΑΦΟΥΤΙ,ΣΑΛΑΤΑ ΝΤΟΜΑΤΙΝΙΑ ΤΣΑΛΑΦΟΥΤΙ,ΣΑΛΑΤΑ ΝΤΟΜΑΤΙΝΙΑ ΤΣΑΛΑΦΟΥΤΙ,ΣΑΛΑΤΑ ΝΤΟΜΑΤΙΝΙΑ ΤΣΑΛΑΦΟΥΤΙ,ΣΑΛΑΤΑ ΝΤΟΜΑΤΙΝΙΑ ΤΣΑΛΑΦΟΥΤΙ,ΣΑΛΑΤΑ ΝΤΟΜΑΤΙΝΙΑ ΤΣΑΛΑΦΟΥΤΙ,ΣΑΛΑΤΑ ΝΤΟΜΑΤΙΝΙΑ ΤΣΑΛΑΦΟΥΤΙ","1,93","1,93","1,93",13,"0,25","0,25","2,18","2,18","2,18","6,54","8,71",,,,,ΣΑΛΑΤΑ ΝΤΟΜΑΤΙΝΙΑ ΤΣΑΛΑΦΟΥΤΙ,,"ΣΑΛΑΤΑ ΝΤΟΜΑΤΙΝΙΑ ΤΣΑΛΑΦΟΥΤΙ, ΣΑΛΑΤΑ ΝΤΟΜΑΤΙΝΙΑ ΤΣΑΛΑΦΟΥΤΙ, ΣΑΛΑΤΑ ΝΤΟΜΑΤΙΝΙΑ ΤΣΑΛΑΦΟΥΤΙ, ΣΑΛΑΤΑ ΝΤΟΜΑΤΙΝΙΑ ΤΣΑΛΑΦΟΥΤΙ, ΣΑΛΑΤΑ ΝΤΟΜΑΤΙΝΙΑ ΤΣΑΛΑΦΟΥΤΙ, ΣΑΛΑΤΑ ΝΤΟΜΑΤΙΝΙΑ ΤΣΑΛΑΦΟΥΤΙ, ΣΑΛΑΤΑ ΝΤΟΜΑΤΙΝΙΑ ΤΣΑΛΑΦΟΥΤΙ, ΣΑΛΑΤΑ ΝΤΟΜΑΤΙΝΙΑ ΤΣΑΛΑΦΟΥΤΙ, ΣΑΛΑΤΑ ΝΤΟΜΑΤΙΝΙΑ ΤΣΑΛΑΦΟΥΤΙ, ΣΑΛΑΤΑ ΝΤΟΜΑΤΙΝΙΑ ΤΣΑΛΑΦΟΥΤΙ, ΣΑΛΑΤΑ ΝΤΟΜΑΤΙΝΙΑ ΤΣΑΛΑΦΟΥΤΙ, ΣΑΛΑΤΑ ΝΤΟΜΑΤΙΝΙΑ ΤΣΑΛΑΦΟΥΤΙ",
ΣΑΛΤΣΑ  ΒΑΛΣΑΜΙΚΟ 10 ΜΕΡΙΔΕΣ,,ΕΝΔΙΑΜΕΣΑ,"OIK104,OIK512",,10,,"ΣΑΛΤΣΑ  ΒΑΛΣΑΜΙΚΟ 10 ΜΕΡΙΔΕΣ,ΣΑΛΤΣΑ  ΒΑΛΣΑΜΙΚΟ 10 ΜΕΡΙΔΕΣ,ΣΑΛΤΣΑ  ΒΑΛΣΑΜΙΚΟ 10 ΜΕΡΙΔΕΣ,ΣΑΛΤΣΑ  ΒΑΛΣΑΜΙΚΟ 10 ΜΕΡΙΔΕΣ","5,50","5,50","0,55",13,"0,71","0,71","6,21","0,62","0,62","1,86","2,48",ΣΑΛΤΣΑ  ΒΑΛΣΑΜΙΚΟ 10 ΜΕΡΙΔΕΣ,,,,,,"ΣΑΛΤΣΑ  ΒΑΛΣΑΜΙΚΟ 10 ΜΕΡΙΔΕΣ, ΣΑΛΤΣΑ  ΒΑΛΣΑΜΙΚΟ 10 ΜΕΡΙΔΕΣ, ΣΑΛΤΣΑ  ΒΑΛΣΑΜΙΚΟ 10 ΜΕΡΙΔΕΣ, ΣΑΛΤΣΑ  ΒΑΛΣΑΜΙΚΟ 10 ΜΕΡΙΔΕΣ",
ΣΑΛΤΣΑ BBQ ΧΟΙΡΙΝΑ ΠΑΙΔΑΚΙΑ,,ΕΝΔΙΑΜΕΣΑ,OIK104,,1,,"ΣΑΛΤΣΑ BBQ ΧΟΙΡΙΝΑ ΠΑΙΔΑΚΙΑ,ΣΑΛΤΣΑ BBQ ΧΟΙΡΙΝΑ ΠΑΙΔΑΚΙΑ,ΣΑΛΤΣΑ BBQ ΧΟΙΡΙΝΑ ΠΑΙΔΑΚΙΑ,ΣΑΛΤΣΑ BBQ ΧΟΙΡΙΝΑ ΠΑΙΔΑΚΙΑ,ΣΑΛΤΣΑ BBQ ΧΟΙΡΙΝΑ ΠΑΙΔΑΚΙΑ,ΣΑΛΤΣΑ BBQ ΧΟΙΡΙΝΑ ΠΑΙΔΑΚΙΑ,ΣΑΛΤΣΑ BBQ ΧΟΙΡΙΝΑ ΠΑΙΔΑΚΙΑ,ΣΑΛΤΣΑ BBQ ΧΟΙΡΙΝΑ ΠΑΙΔΑΚΙΑ,ΣΑΛΤΣΑ BBQ ΧΟΙΡΙΝΑ ΠΑΙΔΑΚΙΑ,ΣΑΛΤΣΑ BBQ ΧΟΙΡΙΝΑ ΠΑΙΔΑΚΙΑ,ΣΑΛΤΣΑ BBQ ΧΟΙΡΙΝΑ ΠΑΙΔΑΚΙΑ,ΣΑΛΤΣΑ BBQ ΧΟΙΡΙΝΑ ΠΑΙΔΑΚΙΑ","0,53","0,53","0,53",13,"0,07","0,07","0,60","0,60","0,60","1,80","2,40",ΣΑΛΤΣΑ BBQ ΧΟΙΡΙΝΑ ΠΑΙΔΑΚΙΑ,,,,ΣΑΛΤΣΑ BBQ ΧΟΙΡΙΝΑ ΠΑΙΔΑΚΙΑ,,"ΣΑΛΤΣΑ BBQ ΧΟΙΡΙΝΑ ΠΑΙΔΑΚΙΑ, ΣΑΛΤΣΑ BBQ ΧΟΙΡΙΝΑ ΠΑΙΔΑΚΙΑ, ΣΑΛΤΣΑ BBQ ΧΟΙΡΙΝΑ ΠΑΙΔΑΚΙΑ, ΣΑΛΤΣΑ BBQ ΧΟΙΡΙΝΑ ΠΑΙΔΑΚΙΑ, ΣΑΛΤΣΑ BBQ ΧΟΙΡΙΝΑ ΠΑΙΔΑΚΙΑ, ΣΑΛΤΣΑ BBQ ΧΟΙΡΙΝΑ ΠΑΙΔΑΚΙΑ, ΣΑΛΤΣΑ BBQ ΧΟΙΡΙΝΑ ΠΑΙΔΑΚΙΑ, ΣΑΛΤΣΑ BBQ ΧΟΙΡΙΝΑ ΠΑΙΔΑΚΙΑ, ΣΑΛΤΣΑ BBQ ΧΟΙΡΙΝΑ ΠΑΙΔΑΚΙΑ, ΣΑΛΤΣΑ BBQ ΧΟΙΡΙΝΑ ΠΑΙΔΑΚΙΑ, ΣΑΛΤΣΑ BBQ ΧΟΙΡΙΝΑ ΠΑΙΔΑΚΙΑ, ΣΑΛΤΣΑ BBQ ΧΟΙΡΙΝΑ ΠΑΙΔΑΚΙΑ",
ΣΑΛΤΣΑ ΒΑΛΣΑΜΙΚΟ 10 ΜΕΡΙΔΕΣ,,ΕΝΔΙΑΜΕΣΑ,"OIK104,OIK512",,10,,"ΣΑΛΤΣΑ ΒΑΛΣΑΜΙΚΟ 10 ΜΕΡΙΔΕΣ,ΣΑΛΤΣΑ ΒΑΛΣΑΜΙΚΟ 10 ΜΕΡΙΔΕΣ,ΣΑΛΤΣΑ ΒΑΛΣΑΜΙΚΟ 10 ΜΕΡΙΔΕΣ","4,94","4,94","0,49",13,"0,64","0,64","5,58","0,56","0,56","1,67","2,23",ΣΑΛΤΣΑ ΒΑΛΣΑΜΙΚΟ 10 ΜΕΡΙΔΕΣ,,,,ΣΑΛΤΣΑ ΒΑΛΣΑΜΙΚΟ 10 ΜΕΡΙΔΕΣ,,"ΣΑΛΤΣΑ ΒΑΛΣΑΜΙΚΟ 10 ΜΕΡΙΔΕΣ, ΣΑΛΤΣΑ ΒΑΛΣΑΜΙΚΟ 10 ΜΕΡΙΔΕΣ, ΣΑΛΤΣΑ ΒΑΛΣΑΜΙΚΟ 10 ΜΕΡΙΔΕΣ, ΣΑΛΤΣΑ ΒΑΛΣΑΜΙΚΟ 10 ΜΕΡΙΔΕΣ",
ΣΑΛΤΣΑ ΚΑΙΣΑΡΑ 10 ΜΕΡΙΔΕΣ,,ΕΝΔΙΑΜΕΣΑ,"OIK104,OIK512",,10,,"ΣΑΛΤΣΑ ΚΑΙΣΑΡΑ 10 ΜΕΡΙΔΕΣ,ΣΑΛΤΣΑ ΚΑΙΣΑΡΑ 10 ΜΕΡΙΔΕΣ,ΣΑΛΤΣΑ ΚΑΙΣΑΡΑ 10 ΜΕΡΙΔΕΣ,ΣΑΛΤΣΑ ΚΑΙΣΑΡΑ 10 ΜΕΡΙΔΕΣ,ΣΑΛΤΣΑ ΚΑΙΣΑΡΑ 10 ΜΕΡΙΔΕΣ,ΣΑΛΤΣΑ ΚΑΙΣΑΡΑ 10 ΜΕΡΙΔΕΣ,ΣΑΛΤΣΑ ΚΑΙΣΑΡΑ 10 ΜΕΡΙΔΕΣ,ΣΑΛΤΣΑ ΚΑΙΣΑΡΑ 10 ΜΕΡΙΔΕΣ,ΣΑΛΤΣΑ ΚΑΙΣΑΡΑ 10 ΜΕΡΙΔΕΣ,ΣΑΛΤΣΑ ΚΑΙΣΑΡΑ 10 ΜΕΡΙΔΕΣ,ΣΑΛΤΣΑ ΚΑΙΣΑΡΑ 10 ΜΕΡΙΔΕΣ,ΣΑΛΤΣΑ ΚΑΙΣΑΡΑ 10 ΜΕΡΙΔΕΣ,ΣΑΛΤΣΑ ΚΑΙΣΑΡΑ 10 ΜΕΡΙΔΕΣ","8,74","8,74","0,87",13,"1,14","1,14","9,88","0,99","0,99","2,96","3,95","ΣΑΛΤΣΑ ΚΑΙΣΑΡΑ 10 ΜΕΡΙΔΕΣ,ΣΑΛΤΣΑ ΚΑΙΣΑΡΑ 10 ΜΕΡΙΔΕΣ",,,,,,"""ΣΑΛΤΣΑ ΚΑΙΣΑΡΑ 10 ΜΕΡΙΔΕΣ, ΣΑΛΤΣΑ ΚΑΙΣΑΡΑ 10 ΜΕΡΙΔΕΣ"", ΣΑΛΤΣΑ ΚΑΙΣΑΡΑ 10 ΜΕΡΙΔΕΣ, ΣΑΛΤΣΑ ΚΑΙΣΑΡΑ 10 ΜΕΡΙΔΕΣ, ΣΑΛΤΣΑ ΚΑΙΣΑΡΑ 10 ΜΕΡΙΔΕΣ, ΣΑΛΤΣΑ ΚΑΙΣΑΡΑ 10 ΜΕΡΙΔΕΣ, ΣΑΛΤΣΑ ΚΑΙΣΑΡΑ 10 ΜΕΡΙΔΕΣ, ΣΑΛΤΣΑ ΚΑΙΣΑΡΑ 10 ΜΕΡΙΔΕΣ, ΣΑΛΤΣΑ ΚΑΙΣΑΡΑ 10 ΜΕΡΙΔΕΣ, ΣΑΛΤΣΑ ΚΑΙΣΑΡΑ 10 ΜΕΡΙΔΕΣ, ΣΑΛΤΣΑ ΚΑΙΣΑΡΑ 10 ΜΕΡΙΔΕΣ, ΣΑΛΤΣΑ ΚΑΙΣΑΡΑ 10 ΜΕΡΙΔΕΣ, ΣΑΛΤΣΑ ΚΑΙΣΑΡΑ 10 ΜΕΡΙΔΕΣ, ΣΑΛΤΣΑ ΚΑΙΣΑΡΑ 10 ΜΕΡΙΔΕΣ, ΣΑΛΤΣΑ ΚΑΙΣΑΡΑ 10 ΜΕΡΙΔΕΣ, ΣΑΛΤΣΑ ΚΑΙΣΑΡΑ 10 ΜΕΡΙΔΕΣ, ΣΑΛΤΣΑ ΚΑΙΣΑΡΑ 10 ΜΕΡΙΔΕΣ, ΣΑΛΤΣΑ ΚΑΙΣΑΡΑ 10 ΜΕΡΙΔΕΣ, ΣΑΛΤΣΑ ΚΑΙΣΑΡΑ 10 ΜΕΡΙΔΕΣ, ΣΑΛΤΣΑ ΚΑΙΣΑΡΑ 10 ΜΕΡΙΔΕΣ, ΣΑΛΤΣΑ ΚΑΙΣΑΡΑ 10 ΜΕΡΙΔΕΣ, ΣΑΛΤΣΑ ΚΑΙΣΑΡΑ 10 ΜΕΡΙΔΕΣ, ΣΑΛΤΣΑ ΚΑΙΣΑΡΑ 10 ΜΕΡΙΔΕΣ, ΣΑΛΤΣΑ ΚΑΙΣΑΡΑ 10 ΜΕΡΙΔΕΣ, ΣΑΛΤΣΑ ΚΑΙΣΑΡΑ 10 ΜΕΡΙΔΕΣ, ΣΑΛΤΣΑ ΚΑΙΣΑΡΑ 10 ΜΕΡΙΔΕΣ, ΣΑΛΤΣΑ ΚΑΙΣΑΡΑ 10 ΜΕΡΙΔΕΣ, ΣΑΛΤΣΑ ΚΑΙΣΑΡΑ 10 ΜΕΡΙΔΕΣ, ΣΑΛΤΣΑ ΚΑΙΣΑΡΑ 10 ΜΕΡΙΔΕΣ, ΣΑΛΤΣΑ ΚΑΙΣΑΡΑ 10 ΜΕΡΙΔΕΣ, ΣΑΛΤΣΑ ΚΑΙΣΑΡΑ 10 ΜΕΡΙΔΕΣ, ΣΑΛΤΣΑ ΚΑΙΣΑΡΑ 10 ΜΕΡΙΔΕΣ, ΣΑΛΤΣΑ ΚΑΙΣΑΡΑ 10 ΜΕΡΙΔΕΣ, ΣΑΛΤΣΑ ΚΑΙΣΑΡΑ 10 ΜΕΡΙΔΕΣ",
ΣΑΛΤΣΑ ΚΟΚΤΕΙΛ ΚΙΛΟΥ,,ΕΝΔΙΑΜΕΣΑ,"OIK104,OIK512",,10,,"ΣΑΛΤΣΑ ΚΟΚΤΕΙΛ ΚΙΛΟΥ,ΣΑΛΤΣΑ ΚΟΚΤΕΙΛ ΚΙΛΟΥ,ΣΑΛΤΣΑ ΚΟΚΤΕΙΛ ΚΙΛΟΥ,ΣΑΛΤΣΑ ΚΟΚΤΕΙΛ ΚΙΛΟΥ,ΣΑΛΤΣΑ ΚΟΚΤΕΙΛ ΚΙΛΟΥ,ΣΑΛΤΣΑ ΚΟΚΤΕΙΛ ΚΙΛΟΥ","7,04","7,04","0,70",13,"0,92","0,92","7,95","0,80","0,80","2,39","3,18","ΣΑΛΤΣΑ ΚΟΚΤΕΙΛ ΚΙΛΟΥ,ΣΑΛΤΣΑ ΚΟΚΤΕΙΛ ΚΙΛΟΥ",,,,,,"""ΣΑΛΤΣΑ ΚΟΚΤΕΙΛ ΚΙΛΟΥ, ΣΑΛΤΣΑ ΚΟΚΤΕΙΛ ΚΙΛΟΥ"", ΣΑΛΤΣΑ ΚΟΚΤΕΙΛ ΚΙΛΟΥ, ΣΑΛΤΣΑ ΚΟΚΤΕΙΛ ΚΙΛΟΥ, ΣΑΛΤΣΑ ΚΟΚΤΕΙΛ ΚΙΛΟΥ, ΣΑΛΤΣΑ ΚΟΚΤΕΙΛ ΚΙΛΟΥ, ΣΑΛΤΣΑ ΚΟΚΤΕΙΛ ΚΙΛΟΥ, ΣΑΛΤΣΑ ΚΟΚΤΕΙΛ ΚΙΛΟΥ, ΣΑΛΤΣΑ ΚΟΚΤΕΙΛ ΚΙΛΟΥ, ΣΑΛΤΣΑ ΚΟΚΤΕΙΛ ΚΙΛΟΥ",
ΣΑΛΤΣΑ ΜΟΥΣΤΑΡΔΑΣ 40 ΜΕΡΙΔΕΣ,,ΕΝΔΙΑΜΕΣΑ,OIK104,,40,,"ΣΑΛΤΣΑ ΜΟΥΣΤΑΡΔΑΣ 40 ΜΕΡΙΔΕΣ,ΣΑΛΤΣΑ ΜΟΥΣΤΑΡΔΑΣ 40 ΜΕΡΙΔΕΣ,ΣΑΛΤΣΑ ΜΟΥΣΤΑΡΔΑΣ 40 ΜΕΡΙΔΕΣ,ΣΑΛΤΣΑ ΜΟΥΣΤΑΡΔΑΣ 40 ΜΕΡΙΔΕΣ,ΣΑΛΤΣΑ ΜΟΥΣΤΑΡΔΑΣ 40 ΜΕΡΙΔΕΣ,ΣΑΛΤΣΑ ΜΟΥΣΤΑΡΔΑΣ 40 ΜΕΡΙΔΕΣ","5,65","5,65","0,14",13,"0,73","0,73","6,38","0,16","0,16","0,48","0,64","ΣΑΛΤΣΑ ΜΟΥΣΤΑΡΔΑΣ 40 ΜΕΡΙΔΕΣ,ΣΑΛΤΣΑ ΜΟΥΣΤΑΡΔΑΣ 40 ΜΕΡΙΔΕΣ",,,,,,"""ΣΑΛΤΣΑ ΜΟΥΣΤΑΡΔΑΣ 40 ΜΕΡΙΔΕΣ, ΣΑΛΤΣΑ ΜΟΥΣΤΑΡΔΑΣ 40 ΜΕΡΙΔΕΣ"", ΣΑΛΤΣΑ ΜΟΥΣΤΑΡΔΑΣ 40 ΜΕΡΙΔΕΣ, ΣΑΛΤΣΑ ΜΟΥΣΤΑΡΔΑΣ 40 ΜΕΡΙΔΕΣ, ΣΑΛΤΣΑ ΜΟΥΣΤΑΡΔΑΣ 40 ΜΕΡΙΔΕΣ, ΣΑΛΤΣΑ ΜΟΥΣΤΑΡΔΑΣ 40 ΜΕΡΙΔΕΣ, ΣΑΛΤΣΑ ΜΟΥΣΤΑΡΔΑΣ 40 ΜΕΡΙΔΕΣ, ΣΑΛΤΣΑ ΜΟΥΣΤΑΡΔΑΣ 40 ΜΕΡΙΔΕΣ, ΣΑΛΤΣΑ ΜΟΥΣΤΑΡΔΑΣ 40 ΜΕΡΙΔΕΣ, ΣΑΛΤΣΑ ΜΟΥΣΤΑΡΔΑΣ 40 ΜΕΡΙΔΕΣ, ΣΑΛΤΣΑ ΜΟΥΣΤΑΡΔΑΣ 40 ΜΕΡΙΔΕΣ, ΣΑΛΤΣΑ ΜΟΥΣΤΑΡΔΑΣ 40 ΜΕΡΙΔΕΣ",
ΣΑΛΤΣΑ ΜΠΟΛΟΝΕΖ ΜΑΝΙΤΑΡΙΩΝ,,ΕΝΔΙΑΜΕΣΑ,OIK104,,5,,"ΣΑΛΤΣΑ ΜΠΟΛΟΝΕΖ ΜΑΝΙΤΑΡΙΩΝ,ΣΑΛΤΣΑ ΜΠΟΛΟΝΕΖ ΜΑΝΙΤΑΡΙΩΝ,ΣΑΛΤΣΑ ΜΠΟΛΟΝΕΖ ΜΑΝΙΤΑΡΙΩΝ,ΣΑΛΤΣΑ ΜΠΟΛΟΝΕΖ ΜΑΝΙΤΑΡΙΩΝ,ΣΑΛΤΣΑ ΜΠΟΛΟΝΕΖ ΜΑΝΙΤΑΡΙΩΝ,ΣΑΛΤΣΑ ΜΠΟΛΟΝΕΖ ΜΑΝΙΤΑΡΙΩΝ,ΣΑΛΤΣΑ ΜΠΟΛΟΝΕΖ ΜΑΝΙΤΑΡΙΩΝ,ΣΑΛΤΣΑ ΜΠΟΛΟΝΕΖ ΜΑΝΙΤΑΡΙΩΝ,ΣΑΛΤΣΑ ΜΠΟΛΟΝΕΖ ΜΑΝΙΤΑΡΙΩΝ,ΣΑΛΤΣΑ ΜΠΟΛΟΝΕΖ ΜΑΝΙΤΑΡΙΩΝ,ΣΑΛΤΣΑ ΜΠΟΛΟΝΕΖ ΜΑΝΙΤΑΡΙΩΝ","4,65","4,65","0,93",13,"0,60","0,60","5,25","1,05","1,05","3,15","4,20",ΣΑΛΤΣΑ ΜΠΟΛΟΝΕΖ ΜΑΝΙΤΑΡΙΩΝ,,,,ΣΑΛΤΣΑ ΜΠΟΛΟΝΕΖ ΜΑΝΙΤΑΡΙΩΝ,,"ΣΑΛΤΣΑ ΜΠΟΛΟΝΕΖ ΜΑΝΙΤΑΡΙΩΝ, ΣΑΛΤΣΑ ΜΠΟΛΟΝΕΖ ΜΑΝΙΤΑΡΙΩΝ, ΣΑΛΤΣΑ ΜΠΟΛΟΝΕΖ ΜΑΝΙΤΑΡΙΩΝ, ΣΑΛΤΣΑ ΜΠΟΛΟΝΕΖ ΜΑΝΙΤΑΡΙΩΝ, ΣΑΛΤΣΑ ΜΠΟΛΟΝΕΖ ΜΑΝΙΤΑΡΙΩΝ, ΣΑΛΤΣΑ ΜΠΟΛΟΝΕΖ ΜΑΝΙΤΑΡΙΩΝ, ΣΑΛΤΣΑ ΜΠΟΛΟΝΕΖ ΜΑΝΙΤΑΡΙΩΝ, ΣΑΛΤΣΑ ΜΠΟΛΟΝΕΖ ΜΑΝΙΤΑΡΙΩΝ, ΣΑΛΤΣΑ ΜΠΟΛΟΝΕΖ ΜΑΝΙΤΑΡΙΩΝ, ΣΑΛΤΣΑ ΜΠΟΛΟΝΕΖ ΜΑΝΙΤΑΡΙΩΝ, ΣΑΛΤΣΑ ΜΠΟΛΟΝΕΖ ΜΑΝΙΤΑΡΙΩΝ",
ΣΑΛΤΣΑ ΝΤΟΜΑΤΑΣ 1ΚΙΛΟΥ/ΚΕΦΤΕΔΑΚΙΑ,,ΕΝΔΙΑΜΕΣΑ,OIK104,,1,,"ΣΑΛΤΣΑ ΝΤΟΜΑΤΑΣ 1ΚΙΛΟΥ/ΚΕΦΤΕΔΑΚΙΑ,ΣΑΛΤΣΑ ΝΤΟΜΑΤΑΣ 1ΚΙΛΟΥ/ΚΕΦΤΕΔΑΚΙΑ,ΣΑΛΤΣΑ ΝΤΟΜΑΤΑΣ 1ΚΙΛΟΥ/ΚΕΦΤΕΔΑΚΙΑ,ΣΑΛΤΣΑ ΝΤΟΜΑΤΑΣ 1ΚΙΛΟΥ/ΚΕΦΤΕΔΑΚΙΑ,ΣΑΛΤΣΑ ΝΤΟΜΑΤΑΣ 1ΚΙΛΟΥ/ΚΕΦΤΕΔΑΚΙΑ,ΣΑΛΤΣΑ ΝΤΟΜΑΤΑΣ 1ΚΙΛΟΥ/ΚΕΦΤΕΔΑΚΙΑ,ΣΑΛΤΣΑ ΝΤΟΜΑΤΑΣ 1ΚΙΛΟΥ/ΚΕΦΤΕΔΑΚΙΑ,ΣΑΛΤΣΑ ΝΤΟΜΑΤΑΣ 1ΚΙΛΟΥ/ΚΕΦΤΕΔΑΚΙΑ","3,12","3,12","3,12",13,"0,41","0,41","3,52","3,52","3,52","10,57","14,09","ΣΑΛΤΣΑ ΝΤΟΜΑΤΑΣ 1ΚΙΛΟΥ/ΚΕΦΤΕΔΑΚΙΑ,ΣΑΛΤΣΑ ΝΤΟΜΑΤΑΣ 1ΚΙΛΟΥ/ΚΕΦΤΕΔΑΚΙΑ",,,,ΣΑΛΤΣΑ ΝΤΟΜΑΤΑΣ 1ΚΙΛΟΥ/ΚΕΦΤΕΔΑΚΙΑ,,"ΣΑΛΤΣΑ ΝΤΟΜΑΤΑΣ 1ΚΙΛΟΥ/ΚΕΦΤΕΔΑΚΙΑ, ΣΑΛΤΣΑ ΝΤΟΜΑΤΑΣ 1ΚΙΛΟΥ/ΚΕΦΤΕΔΑΚΙΑ, ΣΑΛΤΣΑ ΝΤΟΜΑΤΑΣ 1ΚΙΛΟΥ/ΚΕΦΤΕΔΑΚΙΑ, ΣΑΛΤΣΑ ΝΤΟΜΑΤΑΣ 1ΚΙΛΟΥ/ΚΕΦΤΕΔΑΚΙΑ, ΣΑΛΤΣΑ ΝΤΟΜΑΤΑΣ 1ΚΙΛΟΥ/ΚΕΦΤΕΔΑΚΙΑ, ΣΑΛΤΣΑ ΝΤΟΜΑΤΑΣ 1ΚΙΛΟΥ/ΚΕΦΤΕΔΑΚΙΑ, ΣΑΛΤΣΑ ΝΤΟΜΑΤΑΣ 1ΚΙΛΟΥ/ΚΕΦΤΕΔΑΚΙΑ, ΣΑΛΤΣΑ ΝΤΟΜΑΤΑΣ 1ΚΙΛΟΥ/ΚΕΦΤΕΔΑΚΙΑ, ΣΑΛΤΣΑ ΝΤΟΜΑΤΑΣ 1ΚΙΛΟΥ/ΚΕΦΤΕΔΑΚΙΑ, ΣΑΛΤΣΑ ΝΤΟΜΑΤΑΣ 1ΚΙΛΟΥ/ΚΕΦΤΕΔΑΚΙΑ, ΣΑΛΤΣΑ ΝΤΟΜΑΤΑΣ 1ΚΙΛΟΥ/ΚΕΦΤΕΔΑΚΙΑ, ΣΑΛΤΣΑ ΝΤΟΜΑΤΑΣ 1ΚΙΛΟΥ/ΚΕΦΤΕΔΑΚΙΑ, ΣΑΛΤΣΑ ΝΤΟΜΑΤΑΣ 1ΚΙΛΟΥ/ΚΕΦΤΕΔΑΚΙΑ, ΣΑΛΤΣΑ ΝΤΟΜΑΤΑΣ 1ΚΙΛΟΥ/ΚΕΦΤΕΔΑΚΙΑ, ΣΑΛΤΣΑ ΝΤΟΜΑΤΑΣ 1ΚΙΛΟΥ/ΚΕΦΤΕΔΑΚΙΑ, ΣΑΛΤΣΑ ΝΤΟΜΑΤΑΣ 1ΚΙΛΟΥ/ΚΕΦΤΕΔΑΚΙΑ",
ΣΑΛΤΣΑ ΠΕΣΤΟ 1ΚΙΛΟΥ,,ΕΝΔΙΑΜΕΣΑ,OIK104,,1,,"ΣΑΛΤΣΑ ΠΕΣΤΟ 1ΚΙΛΟΥ,ΣΑΛΤΣΑ ΠΕΣΤΟ 1ΚΙΛΟΥ,ΣΑΛΤΣΑ ΠΕΣΤΟ 1ΚΙΛΟΥ,ΣΑΛΤΣΑ ΠΕΣΤΟ 1ΚΙΛΟΥ,ΣΑΛΤΣΑ ΠΕΣΤΟ 1ΚΙΛΟΥ,ΣΑΛΤΣΑ ΠΕΣΤΟ 1ΚΙΛΟΥ,ΣΑΛΤΣΑ ΠΕΣΤΟ 1ΚΙΛΟΥ","44,59","44,59","44,59",13,"5,80","5,80","50,39","50,39","50,39","151,16","201,54",ΣΑΛΤΣΑ ΠΕΣΤΟ 1ΚΙΛΟΥ,,,,ΣΑΛΤΣΑ ΠΕΣΤΟ 1ΚΙΛΟΥ,,"ΣΑΛΤΣΑ ΠΕΣΤΟ 1ΚΙΛΟΥ, ΣΑΛΤΣΑ ΠΕΣΤΟ 1ΚΙΛΟΥ, ΣΑΛΤΣΑ ΠΕΣΤΟ 1ΚΙΛΟΥ, ΣΑΛΤΣΑ ΠΕΣΤΟ 1ΚΙΛΟΥ, ΣΑΛΤΣΑ ΠΕΣΤΟ 1ΚΙΛΟΥ, ΣΑΛΤΣΑ ΠΕΣΤΟ 1ΚΙΛΟΥ, ΣΑΛΤΣΑ ΠΕΣΤΟ 1ΚΙΛΟΥ",
ΣΑΛΤΣΑ ΠΙΤΣΑΣ,,ΕΝΔΙΑΜΕΣΑ,OIK104,,1,,"ΣΑΛΤΣΑ ΠΙΤΣΑΣ,ΣΑΛΤΣΑ ΠΙΤΣΑΣ,ΣΑΛΤΣΑ ΠΙΤΣΑΣ,ΣΑΛΤΣΑ ΠΙΤΣΑΣ,ΣΑΛΤΣΑ ΠΙΤΣΑΣ,ΣΑΛΤΣΑ ΠΙΤΣΑΣ,ΣΑΛΤΣΑ ΠΙΤΣΑΣ,ΣΑΛΤΣΑ ΠΙΤΣΑΣ,ΣΑΛΤΣΑ ΠΙΤΣΑΣ","10,36","10,36","10,36",13,"1,35","1,35","11,70","11,70","11,70","35,11","46,81",ΣΑΛΤΣΑ ΠΙΤΣΑΣ,,,,,,"ΣΑΛΤΣΑ ΠΙΤΣΑΣ, ΣΑΛΤΣΑ ΠΙΤΣΑΣ, ΣΑΛΤΣΑ ΠΙΤΣΑΣ, ΣΑΛΤΣΑ ΠΙΤΣΑΣ, ΣΑΛΤΣΑ ΠΙΤΣΑΣ, ΣΑΛΤΣΑ ΠΙΤΣΑΣ, ΣΑΛΤΣΑ ΠΙΤΣΑΣ, ΣΑΛΤΣΑ ΠΙΤΣΑΣ, ΣΑΛΤΣΑ ΠΙΤΣΑΣ",
ΣΑΡΔΕΛΕΣ ΨΗΤΕΣ,,ΨΑΡΙΑ ΘΑΛΑΣΣΙΝΑ ΣΤΑ ΚΑΡΒΟΥΝΑ,OIK104,"€9,0",1,,"ΣΑΡΔΕΛΕΣ ΨΗΤΕΣ,ΣΑΡΔΕΛΕΣ ΨΗΤΕΣ,ΣΑΡΔΕΛΕΣ ΨΗΤΕΣ","1,09","1,09","1,09",13,"0,14","0,14","1,23","1,23","1,23","3,69","4,92",,,,,ΣΑΡΔΕΛΕΣ ΨΗΤΕΣ,,"ΣΑΡΔΕΛΕΣ ΨΗΤΕΣ, ΣΑΡΔΕΛΕΣ ΨΗΤΕΣ, ΣΑΡΔΕΛΕΣ ΨΗΤΕΣ",
ΣΚΙΟΥΦΙΧΤΑ ΜΕ ΚΙΜΑ,,ΠΑΣΤΕΣ - ΡΙΖΟΤΑ,OIK104,"€10,0",1,,"ΣΚΙΟΥΦΙΧΤΑ ΜΕ ΚΙΜΑ,ΣΚΙΟΥΦΙΧΤΑ ΜΕ ΚΙΜΑ,ΣΚΙΟΥΦΙΧΤΑ ΜΕ ΚΙΜΑ","2,16","2,16","2,16",13,"0,28","0,28","2,44","2,44","2,44","7,31","9,74",,,,,ΣΚΙΟΥΦΙΧΤΑ ΜΕ ΚΙΜΑ,,"ΣΚΙΟΥΦΙΧΤΑ ΜΕ ΚΙΜΑ, ΣΚΙΟΥΦΙΧΤΑ ΜΕ ΚΙΜΑ, ΣΚΙΟΥΦΙΧΤΑ ΜΕ ΚΙΜΑ",
ΣΚΟΡΔΑΛΙΑ,,ΕΝΔΙΑΜΕΣΑ,OIK104,,1,,"ΣΚΟΡΔΑΛΙΑ,ΣΚΟΡΔΑΛΙΑ,ΣΚΟΡΔΑΛΙΑ,ΣΚΟΡΔΑΛΙΑ,ΣΚΟΡΔΑΛΙΑ,ΣΚΟΡΔΑΛΙΑ","1,20","1,20","1,20",13,"0,16","0,16","1,35","1,35","1,35","4,06","5,41",ΣΚΟΡΔΑΛΙΑ,,,,ΣΚΟΡΔΑΛΙΑ,,"ΣΚΟΡΔΑΛΙΑ, ΣΚΟΡΔΑΛΙΑ, ΣΚΟΡΔΑΛΙΑ, ΣΚΟΡΔΑΛΙΑ, ΣΚΟΡΔΑΛΙΑ, ΣΚΟΡΔΑΛΙΑ",
ΣΚΟΡΔΟΤΥΡΟΨΩΜΟ,,ΠΙΤΣΑ,OIK512,"€6,5",1,,"ΣΚΟΡΔΟΤΥΡΟΨΩΜΟ,ΣΚΟΡΔΟΤΥΡΟΨΩΜΟ,ΣΚΟΡΔΟΤΥΡΟΨΩΜΟ,ΣΚΟΡΔΟΤΥΡΟΨΩΜΟ,ΣΚΟΡΔΟΤΥΡΟΨΩΜΟ","0,68","0,81","0,81",13,"0,09","0,11","0,92","0,77","0,92","2,76","3,68",,,,,,,,
ΣΚΟΡΔΟΨΩΜΟ,,ΠΙΤΣΑ,OIK512,"€5,0",1,,"ΣΚΟΡΔΟΨΩΜΟ,ΣΚΟΡΔΟΨΩΜΟ,ΣΚΟΡΔΟΨΩΜΟ","0,27","0,40","0,40",13,"0,03","0,05","0,45","0,30","0,45","1,34","1,79",,,,,,,,
ΣΚΡΑΜΠΛ,,ΠΡΩΙΝΟ,OIK512,"€5,4",1,,"ΣΚΡΑΜΠΛ,ΣΚΡΑΜΠΛ","0,64","0,64","0,64",13,"0,08","0,08","0,72","0,72","0,72","2,17","2,89",,,,,,,,
ΣΟΥΦΛΕ ΣΟΚΟΛΑΤΑΣ,,ΕΠΙΔΟΡΠΙΑ,OIK104,"€10,0",20,,"ΣΟΥΦΛΕ ΣΟΚΟΛΑΤΑΣ,ΣΟΥΦΛΕ ΣΟΚΟΛΑΤΑΣ,ΣΟΥΦΛΕ ΣΟΚΟΛΑΤΑΣ,ΣΟΥΦΛΕ ΣΟΚΟΛΑΤΑΣ,ΣΟΥΦΛΕ ΣΟΚΟΛΑΤΑΣ,ΣΟΥΦΛΕ ΣΟΚΟΛΑΤΑΣ","16,25","16,25","0,81",13,"2,11","2,11","18,36","0,92","0,92","2,75","3,67",,,,,ΣΟΥΦΛΕ ΣΟΚΟΛΑΤΑΣ,,"ΣΟΥΦΛΕ ΣΟΚΟΛΑΤΑΣ, ΣΟΥΦΛΕ ΣΟΚΟΛΑΤΑΣ, ΣΟΥΦΛΕ ΣΟΚΟΛΑΤΑΣ, ΣΟΥΦΛΕ ΣΟΚΟΛΑΤΑΣ, ΣΟΥΦΛΕ ΣΟΚΟΛΑΤΑΣ, ΣΟΥΦΛΕ ΣΟΚΟΛΑΤΑΣ",
ΣΠΑΓΓΕΤΙ ΦΡΕΣΚΙΑ ΝΤΟΜΑΤΑ,,ΠΑΣΤΕΣ - ΡΙΖΟΤΑ,OIK104,"€9,0",1,,"ΣΠΑΓΓΕΤΙ ΦΡΕΣΚΙΑ ΝΤΟΜΑΤΑ,ΣΠΑΓΓΕΤΙ ΦΡΕΣΚΙΑ ΝΤΟΜΑΤΑ,ΣΠΑΓΓΕΤΙ ΦΡΕΣΚΙΑ ΝΤΟΜΑΤΑ,ΣΠΑΓΓΕΤΙ ΦΡΕΣΚΙΑ ΝΤΟΜΑΤΑ,ΣΠΑΓΓΕΤΙ ΦΡΕΣΚΙΑ ΝΤΟΜΑΤΑ,ΣΠΑΓΓΕΤΙ ΦΡΕΣΚΙΑ ΝΤΟΜΑΤΑ,ΣΠΑΓΓΕΤΙ ΦΡΕΣΚΙΑ ΝΤΟΜΑΤΑ,ΣΠΑΓΓΕΤΙ ΦΡΕΣΚΙΑ ΝΤΟΜΑΤΑ","0,62","0,97","0,97",13,"0,08","0,13","1,10","0,70","1,10","3,29","4,39",,,,,ΣΠΑΓΓΕΤΙ ΦΡΕΣΚΙΑ ΝΤΟΜΑΤΑ,,"ΣΠΑΓΓΕΤΙ ΦΡΕΣΚΙΑ ΝΤΟΜΑΤΑ, ΣΠΑΓΓΕΤΙ ΦΡΕΣΚΙΑ ΝΤΟΜΑΤΑ, ΣΠΑΓΓΕΤΙ ΦΡΕΣΚΙΑ ΝΤΟΜΑΤΑ, ΣΠΑΓΓΕΤΙ ΦΡΕΣΚΙΑ ΝΤΟΜΑΤΑ, ΣΠΑΓΓΕΤΙ ΦΡΕΣΚΙΑ ΝΤΟΜΑΤΑ, ΣΠΑΓΓΕΤΙ ΦΡΕΣΚΙΑ ΝΤΟΜΑΤΑ, ΣΠΑΓΓΕΤΙ ΦΡΕΣΚΙΑ ΝΤΟΜΑΤΑ, ΣΠΑΓΓΕΤΙ ΦΡΕΣΚΙΑ ΝΤΟΜΑΤΑ",
ΣΠΑΝΑΚΟΠΙΤΑ 8 ΜΕΡΙΔΕΣ (ΚΟΣΤΟΣ ΜΕΡΙΔΑΣ),,ΟΡΕΚΤΙΚΑ,OIK104,"€7,0",8,,"ΣΠΑΝΑΚΟΠΙΤΑ 8 ΜΕΡΙΔΕΣ (ΚΟΣΤΟΣ ΜΕΡΙΔΑΣ),ΣΠΑΝΑΚΟΠΙΤΑ 8 ΜΕΡΙΔΕΣ (ΚΟΣΤΟΣ ΜΕΡΙΔΑΣ),ΣΠΑΝΑΚΟΠΙΤΑ 8 ΜΕΡΙΔΕΣ (ΚΟΣΤΟΣ ΜΕΡΙΔΑΣ),ΣΠΑΝΑΚΟΠΙΤΑ 8 ΜΕΡΙΔΕΣ (ΚΟΣΤΟΣ ΜΕΡΙΔΑΣ),ΣΠΑΝΑΚΟΠΙΤΑ 8 ΜΕΡΙΔΕΣ (ΚΟΣΤΟΣ ΜΕΡΙΔΑΣ),ΣΠΑΝΑΚΟΠΙΤΑ 8 ΜΕΡΙΔΕΣ (ΚΟΣΤΟΣ ΜΕΡΙΔΑΣ),ΣΠΑΝΑΚΟΠΙΤΑ 8 ΜΕΡΙΔΕΣ (ΚΟΣΤΟΣ ΜΕΡΙΔΑΣ),ΣΠΑΝΑΚΟΠΙΤΑ 8 ΜΕΡΙΔΕΣ (ΚΟΣΤΟΣ ΜΕΡΙΔΑΣ),ΣΠΑΝΑΚΟΠΙΤΑ 8 ΜΕΡΙΔΕΣ (ΚΟΣΤΟΣ ΜΕΡΙΔΑΣ),ΣΠΑΝΑΚΟΠΙΤΑ 8 ΜΕΡΙΔΕΣ (ΚΟΣΤΟΣ ΜΕΡΙΔΑΣ),ΣΠΑΝΑΚΟΠΙΤΑ 8 ΜΕΡΙΔΕΣ (ΚΟΣΤΟΣ ΜΕΡΙΔΑΣ),ΣΠΑΝΑΚΟΠΙΤΑ 8 ΜΕΡΙΔΕΣ (ΚΟΣΤΟΣ ΜΕΡΙΔΑΣ)","13,61","14,09","1,76",13,"1,77","1,83","15,92","1,92","1,99","5,97","7,96",,,,,,,"ΣΠΑΝΑΚΟΠΙΤΑ 8 ΜΕΡΙΔΕΣ (ΚΟΣΤΟΣ ΜΕΡΙΔΑΣ), ΣΠΑΝΑΚΟΠΙΤΑ 8 ΜΕΡΙΔΕΣ (ΚΟΣΤΟΣ ΜΕΡΙΔΑΣ), ΣΠΑΝΑΚΟΠΙΤΑ 8 ΜΕΡΙΔΕΣ (ΚΟΣΤΟΣ ΜΕΡΙΔΑΣ), ΣΠΑΝΑΚΟΠΙΤΑ 8 ΜΕΡΙΔΕΣ (ΚΟΣΤΟΣ ΜΕΡΙΔΑΣ), ΣΠΑΝΑΚΟΠΙΤΑ 8 ΜΕΡΙΔΕΣ (ΚΟΣΤΟΣ ΜΕΡΙΔΑΣ), ΣΠΑΝΑΚΟΠΙΤΑ 8 ΜΕΡΙΔΕΣ (ΚΟΣΤΟΣ ΜΕΡΙΔΑΣ), ΣΠΑΝΑΚΟΠΙΤΑ 8 ΜΕΡΙΔΕΣ (ΚΟΣΤΟΣ ΜΕΡΙΔΑΣ), ΣΠΑΝΑΚΟΠΙΤΑ 8 ΜΕΡΙΔΕΣ (ΚΟΣΤΟΣ ΜΕΡΙΔΑΣ), ΣΠΑΝΑΚΟΠΙΤΑ 8 ΜΕΡΙΔΕΣ (ΚΟΣΤΟΣ ΜΕΡΙΔΑΣ), ΣΠΑΝΑΚΟΠΙΤΑ 8 ΜΕΡΙΔΕΣ (ΚΟΣΤΟΣ ΜΕΡΙΔΑΣ), ΣΠΑΝΑΚΟΠΙΤΑ 8 ΜΕΡΙΔΕΣ (ΚΟΣΤΟΣ ΜΕΡΙΔΑΣ), ΣΠΑΝΑΚΟΠΙΤΑ 8 ΜΕΡΙΔΕΣ (ΚΟΣΤΟΣ ΜΕΡΙΔΑΣ)",
ΣΠΕΣΙΑΛ,,ΠΙΤΣΑ,OIK512,"€14,0",1,,"ΣΠΕΣΙΑΛ,ΣΠΕΣΙΑΛ,ΣΠΕΣΙΑΛ,ΣΠΕΣΙΑΛ,ΣΠΕΣΙΑΛ,ΣΠΕΣΙΑΛ,ΣΠΕΣΙΑΛ,ΣΠΕΣΙΑΛ,ΣΠΕΣΙΑΛ,ΣΠΕΣΙΑΛ,ΣΠΕΣΙΑΛ","2,19","3,25","3,25",13,"0,28","0,42","3,68","2,47","3,68","11,03","14,70",,,,,,,,
ΣΠΙΤΙΚΟ ΚΕΙΚ,,ΠΡΩΙΝΟ,OIK512,"€5,4",1,,"ΣΠΙΤΙΚΟ ΚΕΙΚ,ΣΠΙΤΙΚΟ ΚΕΙΚ,ΣΠΙΤΙΚΟ ΚΕΙΚ,ΣΠΙΤΙΚΟ ΚΕΙΚ,ΣΠΙΤΙΚΟ ΚΕΙΚ,ΣΠΙΤΙΚΟ ΚΕΙΚ,ΣΠΙΤΙΚΟ ΚΕΙΚ","12,77","12,77","12,77",13,"1,66","1,66","14,43","14,43","14,43","43,29","57,72",,,,,,,,
ΣΑΛΤΣΑ ΦΕΤΑΣ  1ΚΙΛΟΥ,,ΕΝΔΙΑΜΕΣΑ,"OIK104,OIK512",,1,,"ΣΑΛΤΣΑ ΦΕΤΑΣ  1ΚΙΛΟΥ,ΣΑΛΤΣΑ ΦΕΤΑΣ  1ΚΙΛΟΥ,ΣΑΛΤΣΑ ΦΕΤΑΣ  1ΚΙΛΟΥ","8,63","8,63","8,63",13,"1,12","1,12","9,76","9,76","9,76","29,27","39,02",ΣΑΛΤΣΑ ΦΕΤΑΣ  1ΚΙΛΟΥ,,,,,," ΣΑΛΤΣΑ ΦΕΤΑΣ  1ΚΙΛΟΥ,  ΣΑΛΤΣΑ ΦΕΤΑΣ  1ΚΙΛΟΥ,  ΣΑΛΤΣΑ ΦΕΤΑΣ  1ΚΙΛΟΥ,  ΣΑΛΤΣΑ ΦΕΤΑΣ  1ΚΙΛΟΥ,  ΣΑΛΤΣΑ ΦΕΤΑΣ  1ΚΙΛΟΥ,  ΣΑΛΤΣΑ ΦΕΤΑΣ  1ΚΙΛΟΥ",
ΣΤΡΑΓΓΙΣΤΟ ΕΛΛΗΝΙΚΟ ΓΙΑΟΥΡΤΙ,,ΠΡΩΙΝΟ,OIK512,"€5,4",1,,"""ΕΛΛΗΝΙΚΟ ΣΤΡΑΓΓΙΣΤΟ ΓΙΑΟΥΡΤΙ, ΣΤΡΑΓΓΙΣΤΟ ΕΛΛΗΝΙΚΟ ΓΙΑΟΥΡΤΙ"",ΣΤΡΑΓΓΙΣΤΟ ΕΛΛΗΝΙΚΟ ΓΙΑΟΥΡΤΙ","1,33","1,33","1,33",13,"0,17","0,17","1,51","1,51","1,51","4,52","6,02",,,,,,,,
ΣΤΡΑΠΑΤΣΑΔΑ,,ΠΡΩΙΝΟ,OIK512,,1,,"ΣΤΡΑΠΑΤΣΑΔΑ,ΣΤΡΑΠΑΤΣΑΔΑ,ΣΤΡΑΠΑΤΣΑΔΑ,ΣΤΡΑΠΑΤΣΑΔΑ,ΣΤΡΑΠΑΤΣΑΔΑ,ΣΤΡΑΠΑΤΣΑΔΑ","1,26","1,26","1,26",13,"0,16","0,16","1,43","1,43","1,43","4,29","5,71",,,,,,,,
ΣΥΝΤΑΓΗ ΓΙΑ 17 ΚΑΡΒΕΛΙΑ,,ΕΝΔΙΑΜΕΣΑ,OIK104,,1,,ΣΥΝΤΑΓΗ ΓΙΑ 17 ΚΑΡΒΕΛΙΑ,"5,76","5,76","5,76",13,"0,75","0,75","6,51","6,51","6,51","19,53","26,04",,,,,,,"""ΣΥΝΤΑΓΗ ΓΙΑ 17 ΚΑΡΒΕΛΙΑ, ΣΥΝΤΑΓΗ ΓΙΑ 17 ΚΑΡΒΕΛΙΑ""",
ΣΩΣ ΒΑΛΣΑΜΙΚΟ 1000,,ΕΝΔΙΑΜΕΣΑ,OIK104,,1,,"ΣΩΣ ΒΑΛΣΑΜΙΚΟ 1000,ΣΩΣ ΒΑΛΣΑΜΙΚΟ 1000,ΣΩΣ ΒΑΛΣΑΜΙΚΟ 1000,ΣΩΣ ΒΑΛΣΑΜΙΚΟ 1000","13,29","13,29","13,29",13,"1,73","1,73","15,02","15,02","15,02","45,05","60,07","ΣΩΣ ΒΑΛΣΑΜΙΚΟ 1000,ΣΩΣ ΒΑΛΣΑΜΙΚΟ 1000",,,,,,"""ΣΩΣ ΒΑΛΣΑΜΙΚΟ 1000, ΣΩΣ ΒΑΛΣΑΜΙΚΟ 1000"", ΣΩΣ ΒΑΛΣΑΜΙΚΟ 1000, ΣΩΣ ΒΑΛΣΑΜΙΚΟ 1000, ΣΩΣ ΒΑΛΣΑΜΙΚΟ 1000, ΣΩΣ ΒΑΛΣΑΜΙΚΟ 1000, ΣΩΣ ΒΑΛΣΑΜΙΚΟ 1000, ΣΩΣ ΒΑΛΣΑΜΙΚΟ 1000, ΣΩΣ ΒΑΛΣΑΜΙΚΟ 1000, ΣΩΣ ΒΑΛΣΑΜΙΚΟ 1000, ΣΩΣ ΒΑΛΣΑΜΙΚΟ 1000, ΣΩΣ ΒΑΛΣΑΜΙΚΟ 1000, ΣΩΣ ΒΑΛΣΑΜΙΚΟ 1000",
ΣΩΣ ΚΙΤΡΙΝΗ,,ΕΝΔΙΑΜΕΣΑ,OIK104,,1,,"ΣΩΣ ΚΙΤΡΙΝΗ,ΣΩΣ ΚΙΤΡΙΝΗ,ΣΩΣ ΚΙΤΡΙΝΗ,ΣΩΣ ΚΙΤΡΙΝΗ","4,57","4,57","4,57",13,"0,59","0,59","5,17","5,17","5,17","15,50","20,67",ΣΩΣ ΚΙΤΡΙΝΗ,,,,ΣΩΣ ΚΙΤΡΙΝΗ,,"ΣΩΣ ΚΙΤΡΙΝΗ, ΣΩΣ ΚΙΤΡΙΝΗ, ΣΩΣ ΚΙΤΡΙΝΗ, ΣΩΣ ΚΙΤΡΙΝΗ",
ΤΖΑΤΖΙΚΙ 5 ΚΙΛΩΝ,,ΕΝΔΙΑΜΕΣΑ,OIK104,"€5,0",5,,"ΤΖΑΤΖΙΚΙ 5 ΚΙΛΩΝ,ΤΖΑΤΖΙΚΙ 5 ΚΙΛΩΝ,ΤΖΑΤΖΙΚΙ 5 ΚΙΛΩΝ,ΤΖΑΤΖΙΚΙ 5 ΚΙΛΩΝ,ΤΖΑΤΖΙΚΙ 5 ΚΙΛΩΝ,ΤΖΑΤΖΙΚΙ 5 ΚΙΛΩΝ,ΤΖΑΤΖΙΚΙ 5 ΚΙΛΩΝ,ΤΖΑΤΖΙΚΙ 5 ΚΙΛΩΝ,ΤΖΑΤΖΙΚΙ 5 ΚΙΛΩΝ","11,26","11,26","2,25",13,"1,46","1,46","12,72","2,54","2,54","7,63","10,18",ΤΖΑΤΖΙΚΙ 5 ΚΙΛΩΝ,,,,,,"ΤΖΑΤΖΙΚΙ 5 ΚΙΛΩΝ, ΤΖΑΤΖΙΚΙ 5 ΚΙΛΩΝ, ΤΖΑΤΖΙΚΙ 5 ΚΙΛΩΝ, ΤΖΑΤΖΙΚΙ 5 ΚΙΛΩΝ, ΤΖΑΤΖΙΚΙ 5 ΚΙΛΩΝ, ΤΖΑΤΖΙΚΙ 5 ΚΙΛΩΝ, ΤΖΑΤΖΙΚΙ 5 ΚΙΛΩΝ, ΤΖΑΤΖΙΚΙ 5 ΚΙΛΩΝ, ΤΖΑΤΖΙΚΙ 5 ΚΙΛΩΝ",
ΤΖΑΤΖΙΚΙ ΜΕΡΙΔΑ,,ΟΡΕΚΤΙΚΑ,OIK104,,1,,ΤΖΑΤΖΙΚΙ ΜΕΡΙΔΑ,"0,00","0,51","0,51",13,"0,00","0,07","0,58","0,00","0,58","1,73","2,30",,,,,ΤΖΑΤΖΙΚΙ ΜΕΡΙΔΑ,,ΤΖΑΤΖΙΚΙ ΜΕΡΙΔΑ,
ΤΟΡΤΙΓΙΑ ΚΟΤΟΠΟΥΛΟ,,ΣΝΑΚΣ,OIK512,,1,,"ΤΟΡΤΙΓΙΑ ΚΟΤΟΠΟΥΛΟ,ΤΟΡΤΙΓΙΑ ΚΟΤΟΠΟΥΛΟ,ΤΟΡΤΙΓΙΑ ΚΟΤΟΠΟΥΛΟ,ΤΟΡΤΙΓΙΑ ΚΟΤΟΠΟΥΛΟ,ΤΟΡΤΙΓΙΑ ΚΟΤΟΠΟΥΛΟ,ΤΟΡΤΙΓΙΑ ΚΟΤΟΠΟΥΛΟ,ΤΟΡΤΙΓΙΑ ΚΟΤΟΠΟΥΛΟ,ΤΟΡΤΙΓΙΑ ΚΟΤΟΠΟΥΛΟ","0,88","1,15","1,15",13,"0,11","0,15","1,30","0,99","1,30","3,91","5,21",,,,,,,,
ΤΟΣΤ,,ΣΝΑΚΣ,OIK512,,1,,"ΤΟΣΤ,ΤΟΣΤ,ΤΟΣΤ,ΤΟΣΤ","0,47","0,47","0,47",13,"0,06","0,06","0,53","0,53","0,53","1,58","2,10",,,,,,,,
ΤΣΙΠΟΥΡΑ ΨΗΤΗ,,ΨΑΡΙΑ ΘΑΛΑΣΣΙΝΑ ΣΤΑ ΚΑΡΒΟΥΝΑ,OIK104,"€19,0",1,,"ΤΣΙΠΟΥΡΑ ΨΗΤΗ,ΤΣΙΠΟΥΡΑ ΨΗΤΗ,ΤΣΙΠΟΥΡΑ ΨΗΤΗ","2,66","2,66","2,66",13,"0,35","0,35","3,00","3,00","3,00","9,01","12,01",,,,,ΤΣΙΠΟΥΡΑ ΨΗΤΗ,,"ΤΣΙΠΟΥΡΑ ΨΗΤΗ, ΤΣΙΠΟΥΡΑ ΨΗΤΗ, ΤΣΙΠΟΥΡΑ ΨΗΤΗ",
ΤΥΡΟΚΑΥΤΕΡΗ,,ΟΡΕΚΤΙΚΑ,OIK512,"€7,0",1,,"ΤΥΡΟΚΑΥΤΕΡΗ,ΤΥΡΟΚΑΥΤΕΡΗ,ΤΥΡΟΚΑΥΤΕΡΗ,ΤΥΡΟΚΑΥΤΕΡΗ,ΤΥΡΟΚΑΥΤΕΡΗ,ΤΥΡΟΚΑΥΤΕΡΗ,ΤΥΡΟΚΑΥΤΕΡΗ","5,88","5,88","5,88",13,"0,76","0,76","6,65","6,65","6,65","19,94","26,59",,,,,,,,
ΤΥΡΟΚΑΥΤΕΡΗ 5ΜΕΡΙΔΕΣ,,ΟΡΕΚΤΙΚΑ,OIK104,"€6,0",5,,"ΤΥΡΟΚΑΥΤΕΡΗ 5ΜΕΡΙΔΕΣ,ΤΥΡΟΚΑΥΤΕΡΗ 5ΜΕΡΙΔΕΣ,ΤΥΡΟΚΑΥΤΕΡΗ 5ΜΕΡΙΔΕΣ,ΤΥΡΟΚΑΥΤΕΡΗ 5ΜΕΡΙΔΕΣ,ΤΥΡΟΚΑΥΤΕΡΗ 5ΜΕΡΙΔΕΣ,ΤΥΡΟΚΑΥΤΕΡΗ 5ΜΕΡΙΔΕΣ,ΤΥΡΟΚΑΥΤΕΡΗ 5ΜΕΡΙΔΕΣ","13,94","13,94","2,79",13,"1,81","1,81","15,76","3,15","3,15","9,45","12,60",,,,,ΤΥΡΟΚΑΥΤΕΡΗ 5ΜΕΡΙΔΕΣ,,"ΤΥΡΟΚΑΥΤΕΡΗ 5ΜΕΡΙΔΕΣ, ΤΥΡΟΚΑΥΤΕΡΗ 5ΜΕΡΙΔΕΣ, ΤΥΡΟΚΑΥΤΕΡΗ 5ΜΕΡΙΔΕΣ, ΤΥΡΟΚΑΥΤΕΡΗ 5ΜΕΡΙΔΕΣ, ΤΥΡΟΚΑΥΤΕΡΗ 5ΜΕΡΙΔΕΣ, ΤΥΡΟΚΑΥΤΕΡΗ 5ΜΕΡΙΔΕΣ, ΤΥΡΟΚΑΥΤΕΡΗ 5ΜΕΡΙΔΕΣ",
ΤΥΡΟΨΩΜΟ,,ΠΙΤΣΑ,OIK512,"€6,0",1,,"ΤΥΡΟΨΩΜΟ,ΤΥΡΟΨΩΜΟ,ΤΥΡΟΨΩΜΟ","0,56","0,69","0,69",13,"0,07","0,09","0,78","0,63","0,78","2,33","3,10",,,,,,,,
ΦΑΒΑ 5 ΜΕΡΙΔΕΣ,,ΟΡΕΚΤΙΚΑ,OIK104,"€6,0",5,,"ΦΑΒΑ 5 ΜΕΡΙΔΕΣ,ΦΑΒΑ 5 ΜΕΡΙΔΕΣ,ΦΑΒΑ 5 ΜΕΡΙΔΕΣ,ΦΑΒΑ 5 ΜΕΡΙΔΕΣ,ΦΑΒΑ 5 ΜΕΡΙΔΕΣ,ΦΑΒΑ 5 ΜΕΡΙΔΕΣ,ΦΑΒΑ 5 ΜΕΡΙΔΕΣ","1,86","1,86","0,37",13,"0,24","0,24","2,10","0,42","0,42","1,26","1,68",,,,,ΦΑΒΑ 5 ΜΕΡΙΔΕΣ,,"ΦΑΒΑ 5 ΜΕΡΙΔΕΣ, ΦΑΒΑ 5 ΜΕΡΙΔΕΣ, ΦΑΒΑ 5 ΜΕΡΙΔΕΣ, ΦΑΒΑ 5 ΜΕΡΙΔΕΣ, ΦΑΒΑ 5 ΜΕΡΙΔΕΣ, ΦΑΒΑ 5 ΜΕΡΙΔΕΣ, ΦΑΒΑ 5 ΜΕΡΙΔΕΣ",
ΦΕΤΑ ΣΕ ΦΥΛΛΟ ΚΡΟΥΣΤΑΣ,,ΟΡΕΚΤΙΚΑ,OIK104,,1,,"ΦΕΤΑ ΣΕ ΦΥΛΛΟ ΚΡΟΥΣΤΑΣ,ΦΕΤΑ ΣΕ ΦΥΛΛΟ ΚΡΟΥΣΤΑΣ,ΦΕΤΑ ΣΕ ΦΥΛΛΟ ΚΡΟΥΣΤΑΣ,ΦΕΤΑ ΣΕ ΦΥΛΛΟ ΚΡΟΥΣΤΑΣ","0,97","0,97","0,97",13,"0,13","0,13","1,09","1,09","1,09","3,28","4,38",,,,,,,"ΦΕΤΑ ΣΕ ΦΥΛΛΟ ΚΡΟΥΣΤΑΣ, ΦΕΤΑ ΣΕ ΦΥΛΛΟ ΚΡΟΥΣΤΑΣ, ΦΕΤΑ ΣΕ ΦΥΛΛΟ ΚΡΟΥΣΤΑΣ, ΦΕΤΑ ΣΕ ΦΥΛΛΟ ΚΡΟΥΣΤΑΣ",
ΦΙΛΕΤΟ ΚΟΤΟΠΟΥΛΟ,,ΚΡΕΑΤΙΚΑ ΣΤΑ ΚΑΡΒΟΥΝΑ,OIK104,"€11,0",1,,"ΦΙΛΕΤΟ ΚΟΤΟΠΟΥΛΟ,ΦΙΛΕΤΟ ΚΟΤΟΠΟΥΛΟ","1,39","1,39","1,39",13,"0,18","0,18","1,57","1,57","1,57","4,71","6,28",,,,,ΦΙΛΕΤΟ ΚΟΤΟΠΟΥΛΟ,,"ΦΙΛΕΤΟ ΚΟΤΟΠΟΥΛΟ, ΦΙΛΕΤΟ ΚΟΤΟΠΟΥΛΟ",
ΦΥΛΛΟ ΧΕΙΡΟΠΟΙΗΤΟ 4 ΦΥΛΛΑ,,ΕΝΔΙΑΜΕΣΑ,OIK104,,1,,"ΦΥΛΛΟ ΧΕΙΡΟΠΟΙΗΤΟ 4 ΦΥΛΛΑ,ΦΥΛΛΟ ΧΕΙΡΟΠΟΙΗΤΟ 4 ΦΥΛΛΑ,ΦΥΛΛΟ ΧΕΙΡΟΠΟΙΗΤΟ 4 ΦΥΛΛΑ,ΦΥΛΛΟ ΧΕΙΡΟΠΟΙΗΤΟ 4 ΦΥΛΛΑ","0,43","0,43","0,43",13,"0,06","0,06","0,48","0,48","0,48","1,45","1,93","ΦΥΛΛΟ ΧΕΙΡΟΠΟΙΗΤΟ 4 ΦΥΛΛΑ,ΦΥΛΛΟ ΧΕΙΡΟΠΟΙΗΤΟ 4 ΦΥΛΛΑ",,,,,,"""ΦΥΛΛΟ ΧΕΙΡΟΠΟΙΗΤΟ 4 ΦΥΛΛΑ, ΦΥΛΛΟ ΧΕΙΡΟΠΟΙΗΤΟ 4 ΦΥΛΛΑ"", ΦΥΛΛΟ ΧΕΙΡΟΠΟΙΗΤΟ 4 ΦΥΛΛΑ, ΦΥΛΛΟ ΧΕΙΡΟΠΟΙΗΤΟ 4 ΦΥΛΛΑ, ΦΥΛΛΟ ΧΕΙΡΟΠΟΙΗΤΟ 4 ΦΥΛΛΑ, ΦΥΛΛΟ ΧΕΙΡΟΠΟΙΗΤΟ 4 ΦΥΛΛΑ, ΦΥΛΛΟ ΧΕΙΡΟΠΟΙΗΤΟ 4 ΦΥΛΛΑ, ΦΥΛΛΟ ΧΕΙΡΟΠΟΙΗΤΟ 4 ΦΥΛΛΑ, ΦΥΛΛΟ ΧΕΙΡΟΠΟΙΗΤΟ 4 ΦΥΛΛΑ",
ΦΩΛΙΑ ΚΑΝΤΑΙΦΙ 7TMX,,ΟΡΕΚΤΙΚΑ,OIK104,"€8,0",7,,"ΦΩΛΙΑ ΚΑΝΤΑΙΦΙ 7TMX,ΦΩΛΙΑ ΚΑΝΤΑΙΦΙ 7TMX,ΦΩΛΙΑ ΚΑΝΤΑΙΦΙ 7TMX,ΦΩΛΙΑ ΚΑΝΤΑΙΦΙ 7TMX,ΦΩΛΙΑ ΚΑΝΤΑΙΦΙ 7TMX","5,94","5,94","0,85",13,"0,77","0,77","6,71","0,96","0,96","2,88","3,84",,,,,ΦΩΛΙΑ ΚΑΝΤΑΙΦΙ 7TMX,,"ΦΩΛΙΑ ΚΑΝΤΑΙΦΙ 7TMX, ΦΩΛΙΑ ΚΑΝΤΑΙΦΙ 7TMX, ΦΩΛΙΑ ΚΑΝΤΑΙΦΙ 7TMX, ΦΩΛΙΑ ΚΑΝΤΑΙΦΙ 7TMX, ΦΩΛΙΑ ΚΑΝΤΑΙΦΙ 7TMX",
ΧΕΙΡΟΠΟΙΗΤΟ ΦΥΛΛΟ,,ΕΝΔΙΑΜΕΣΑ,OIK104,,1,,"ΧΕΙΡΟΠΟΙΗΤΟ ΦΥΛΛΟ,ΧΕΙΡΟΠΟΙΗΤΟ ΦΥΛΛΟ,ΧΕΙΡΟΠΟΙΗΤΟ ΦΥΛΛΟ,ΧΕΙΡΟΠΟΙΗΤΟ ΦΥΛΛΟ","0,43","0,43","0,43",13,"0,06","0,06","0,48","0,48","0,48","1,45","1,93",ΧΕΙΡΟΠΟΙΗΤΟ ΦΥΛΛΟ,,,,ΧΕΙΡΟΠΟΙΗΤΟ ΦΥΛΛΟ,,"ΧΕΙΡΟΠΟΙΗΤΟ ΦΥΛΛΟ, ΧΕΙΡΟΠΟΙΗΤΟ ΦΥΛΛΟ, ΧΕΙΡΟΠΟΙΗΤΟ ΦΥΛΛΟ, ΧΕΙΡΟΠΟΙΗΤΟ ΦΥΛΛΟ",
ΧΕΛΙ ΚΑΡΠΑΤΣΙΟ,,ΟΡΕΚΤΙΚΑ,OIK104,,1,,"ΧΕΛΙ ΚΑΡΠΑΤΣΙΟ,ΧΕΛΙ ΚΑΡΠΑΤΣΙΟ,ΧΕΛΙ ΚΑΡΠΑΤΣΙΟ","1,92","1,92","1,92",13,"0,25","0,25","2,17","2,17","2,17","6,52","8,69",,,,,ΧΕΛΙ ΚΑΡΠΑΤΣΙΟ,,"ΧΕΛΙ ΚΑΡΠΑΤΣΙΟ, ΧΕΛΙ ΚΑΡΠΑΤΣΙΟ, ΧΕΛΙ ΚΑΡΠΑΤΣΙΟ",
ΧΕΛΙ ΚΕΡΑΜΙΔΙ,,ΚΥΡΙΩΣ,OIK104,,1,,"ΧΕΛΙ ΚΕΡΑΜΙΔΙ,ΧΕΛΙ ΚΕΡΑΜΙΔΙ,ΧΕΛΙ ΚΕΡΑΜΙΔΙ,ΧΕΛΙ ΚΕΡΑΜΙΔΙ,ΧΕΛΙ ΚΕΡΑΜΙΔΙ,ΧΕΛΙ ΚΕΡΑΜΙΔΙ,ΧΕΛΙ ΚΕΡΑΜΙΔΙ","3,84","3,84","3,84",13,"0,50","0,50","4,34","4,34","4,34","13,03","17,37",,,,,ΧΕΛΙ ΚΕΡΑΜΙΔΙ,,"ΧΕΛΙ ΚΕΡΑΜΙΔΙ, ΧΕΛΙ ΚΕΡΑΜΙΔΙ, ΧΕΛΙ ΚΕΡΑΜΙΔΙ, ΧΕΛΙ ΚΕΡΑΜΙΔΙ, ΧΕΛΙ ΚΕΡΑΜΙΔΙ, ΧΕΛΙ ΚΕΡΑΜΙΔΙ, ΧΕΛΙ ΚΕΡΑΜΙΔΙ",
ΧΟΙΡΙΝΟ ΚΟΝΤΟΣΟΥΒΛΙ,,ΚΡΕΑΤΙΚΑ ΣΤΑ ΚΑΡΒΟΥΝΑ,OIK104,"€13,0",1,,"ΧΟΙΡΙΝΟ ΚΟΝΤΟΣΟΥΒΛΙ,ΧΟΙΡΙΝΟ ΚΟΝΤΟΣΟΥΒΛΙ,ΧΟΙΡΙΝΟ ΚΟΝΤΟΣΟΥΒΛΙ","1,55","1,55","1,55",13,"0,20","0,20","1,76","1,76","1,76","5,27","7,02",,,,,ΧΟΙΡΙΝΟ ΚΟΝΤΟΣΟΥΒΛΙ,,"ΧΟΙΡΙΝΟ ΚΟΝΤΟΣΟΥΒΛΙ, ΧΟΙΡΙΝΟ ΚΟΝΤΟΣΟΥΒΛΙ, ΧΟΙΡΙΝΟ ΚΟΝΤΟΣΟΥΒΛΙ",
ΧΟΡΤΑ ΕΠΟΧΗΣ,,ΣΑΛΑΤΕΣ,OIK104,"€9,0",1,,"ΧΟΡΤΑ ΕΠΟΧΗΣ,ΧΟΡΤΑ ΕΠΟΧΗΣ,ΧΟΡΤΑ ΕΠΟΧΗΣ","0,37","0,37","0,37",13,"0,05","0,05","0,42","0,42","0,42","1,25","1,66",,,,,ΧΟΡΤΑ ΕΠΟΧΗΣ,,"ΧΟΡΤΑ ΕΠΟΧΗΣ, ΧΟΡΤΑ ΕΠΟΧΗΣ, ΧΟΡΤΑ ΕΠΟΧΗΣ",
ΧΟΥΜΟΥΣ,,ΟΡΕΚΤΙΚΑ,OIK104,,1,,"ΧΟΥΜΟΥΣ,ΧΟΥΜΟΥΣ,ΧΟΥΜΟΥΣ,ΧΟΥΜΟΥΣ,ΧΟΥΜΟΥΣ,ΧΟΥΜΟΥΣ","3,41","3,41","3,41",13,"0,44","0,44","3,85","3,85","3,85","11,56","15,42",,,,,ΧΟΥΜΟΥΣ,,"ΧΟΥΜΟΥΣ, ΧΟΥΜΟΥΣ, ΧΟΥΜΟΥΣ, ΧΟΥΜΟΥΣ, ΧΟΥΜΟΥΣ, ΧΟΥΜΟΥΣ",
ΧΤΑΠΟΔΙ ΞΥΔΑΤΟ,,ΟΡΕΚΤΙΚΑ,OIK512,,1,,"ΧΤΑΠΟΔΙ ΞΥΔΑΤΟ,ΧΤΑΠΟΔΙ ΞΥΔΑΤΟ,ΧΤΑΠΟΔΙ ΞΥΔΑΤΟ,ΧΤΑΠΟΔΙ ΞΥΔΑΤΟ,ΧΤΑΠΟΔΙ ΞΥΔΑΤΟ,ΧΤΑΠΟΔΙ ΞΥΔΑΤΟ","1,76","1,76","1,76",13,"0,23","0,23","1,99","1,99","1,99","5,98","7,97",,,,,,,,
ΧΤΑΠΟΔΙ ΠΛΟΚΑΜΙ,,ΨΑΡΙΑ ΘΑΛΑΣΣΙΝΑ ΣΤΑ ΚΑΡΒΟΥΝΑ,OIK104,"€0,0",1,,"ΧΤΑΠΟΔΙ ΠΛΟΚΑΜΙ,ΧΤΑΠΟΔΙ ΠΛΟΚΑΜΙ,ΧΤΑΠΟΔΙ ΠΛΟΚΑΜΙ","2,04","2,04","2,04",13,"0,27","0,27","2,30","2,30","2,30","6,91","9,22",,,,,ΧΤΑΠΟΔΙ ΠΛΟΚΑΜΙ,,"ΧΤΑΠΟΔΙ ΠΛΟΚΑΜΙ, ΧΤΑΠΟΔΙ ΠΛΟΚΑΜΙ, ΧΤΑΠΟΔΙ ΠΛΟΚΑΜΙ",
ΧΩΡΙΑΤΙΚΗ,,ΣΑΛΑΤΕΣ,OIK104,"€10,0",1,,"ΧΩΡΙΑΤΙΚΗ,ΧΩΡΙΑΤΙΚΗ,ΧΩΡΙΑΤΙΚΗ,ΧΩΡΙΑΤΙΚΗ,ΧΩΡΙΑΤΙΚΗ,ΧΩΡΙΑΤΙΚΗ,ΧΩΡΙΑΤΙΚΗ","1,50","1,50","1,50",13,"0,20","0,20","1,70","1,70","1,70","5,10","6,80",,,,,ΧΩΡΙΑΤΙΚΗ ΠΙΤΣΑ,,"ΧΩΡΙΑΤΙΚΗ, ΧΩΡΙΑΤΙΚΗ, ΧΩΡΙΑΤΙΚΗ, ΧΩΡΙΑΤΙΚΗ, ΧΩΡΙΑΤΙΚΗ, ΧΩΡΙΑΤΙΚΗ, ΧΩΡΙΑΤΙΚΗ",
ΧΩΡΙΑΤΙΚΗ YACHT CLUB,,ΣΑΛΑΤΕΣ,OIK104,"€10,0",1,,"ΧΩΡΙΑΤΙΚΗ YACHT CLUB,ΧΩΡΙΑΤΙΚΗ YACHT CLUB,ΧΩΡΙΑΤΙΚΗ YACHT CLUB,ΧΩΡΙΑΤΙΚΗ YACHT CLUB,ΧΩΡΙΑΤΙΚΗ YACHT CLUB,ΧΩΡΙΑΤΙΚΗ YACHT CLUB,ΧΩΡΙΑΤΙΚΗ YACHT CLUB,ΧΩΡΙΑΤΙΚΗ YACHT CLUB","1,63","1,63","1,63",13,"0,21","0,21","1,85","1,85","1,85","5,54","7,38",,,,,ΧΩΡΙΑΤΙΚΗ YACHT CLUB,,"ΧΩΡΙΑΤΙΚΗ YACHT CLUB, ΧΩΡΙΑΤΙΚΗ YACHT CLUB, ΧΩΡΙΑΤΙΚΗ YACHT CLUB, ΧΩΡΙΑΤΙΚΗ YACHT CLUB, ΧΩΡΙΑΤΙΚΗ YACHT CLUB, ΧΩΡΙΑΤΙΚΗ YACHT CLUB, ΧΩΡΙΑΤΙΚΗ YACHT CLUB, ΧΩΡΙΑΤΙΚΗ YACHT CLUB",
ΧΩΡΙΑΤΙΚΗ ΠΙΤΣΑ,,ΠΙΤΣΑ,OIK512,"€14,0",1,,"ΧΩΡΙΑΤΙΚΗ ΠΙΤΣΑ,ΧΩΡΙΑΤΙΚΗ ΠΙΤΣΑ,ΧΩΡΙΑΤΙΚΗ ΠΙΤΣΑ,ΧΩΡΙΑΤΙΚΗ ΠΙΤΣΑ,ΧΩΡΙΑΤΙΚΗ ΠΙΤΣΑ,ΧΩΡΙΑΤΙΚΗ ΠΙΤΣΑ,ΧΩΡΙΑΤΙΚΗ ΠΙΤΣΑ,ΧΩΡΙΑΤΙΚΗ ΠΙΤΣΑ,ΧΩΡΙΑΤΙΚΗ ΠΙΤΣΑ,ΧΩΡΙΑΤΙΚΗ ΠΙΤΣΑ,ΧΩΡΙΑΤΙΚΗ ΠΙΤΣΑ,ΧΩΡΙΑΤΙΚΗ ΠΙΤΣΑ","2,05","3,12","3,12",13,"0,27","0,41","3,52","2,32","3,52","10,57","14,09",,,,,,,,
ΨΑΡΟΣΟΥΠΑ ΒΕΛΟΥΤΕ 4 ΜΕΡΙΔΕΣ,,ΕΛΛΗΝΙΚΑ ΠΑΡΑΔΟΣΙΑΚΑ,OIK104,"€17,0",4,,"ΨΑΡΟΣΟΥΠΑ ΒΕΛΟΥΤΕ 4 ΜΕΡΙΔΕΣ,ΨΑΡΟΣΟΥΠΑ ΒΕΛΟΥΤΕ 4 ΜΕΡΙΔΕΣ,ΨΑΡΟΣΟΥΠΑ ΒΕΛΟΥΤΕ 4 ΜΕΡΙΔΕΣ,ΨΑΡΟΣΟΥΠΑ ΒΕΛΟΥΤΕ 4 ΜΕΡΙΔΕΣ,ΨΑΡΟΣΟΥΠΑ ΒΕΛΟΥΤΕ 4 ΜΕΡΙΔΕΣ,ΨΑΡΟΣΟΥΠΑ ΒΕΛΟΥΤΕ 4 ΜΕΡΙΔΕΣ,ΨΑΡΟΣΟΥΠΑ ΒΕΛΟΥΤΕ 4 ΜΕΡΙΔΕΣ,ΨΑΡΟΣΟΥΠΑ ΒΕΛΟΥΤΕ 4 ΜΕΡΙΔΕΣ,ΨΑΡΟΣΟΥΠΑ ΒΕΛΟΥΤΕ 4 ΜΕΡΙΔΕΣ,ΨΑΡΟΣΟΥΠΑ ΒΕΛΟΥΤΕ 4 ΜΕΡΙΔΕΣ","15,33","15,33","3,83",13,"1,99","1,99","17,32","4,33","4,33","12,99","17,32",,,,,ΨΑΡΟΣΟΥΠΑ ΒΕΛΟΥΤΕ 4 ΜΕΡΙΔΕΣ,,"ΨΑΡΟΣΟΥΠΑ ΒΕΛΟΥΤΕ 4 ΜΕΡΙΔΕΣ, ΨΑΡΟΣΟΥΠΑ ΒΕΛΟΥΤΕ 4 ΜΕΡΙΔΕΣ, ΨΑΡΟΣΟΥΠΑ ΒΕΛΟΥΤΕ 4 ΜΕΡΙΔΕΣ, ΨΑΡΟΣΟΥΠΑ ΒΕΛΟΥΤΕ 4 ΜΕΡΙΔΕΣ, ΨΑΡΟΣΟΥΠΑ ΒΕΛΟΥΤΕ 4 ΜΕΡΙΔΕΣ, ΨΑΡΟΣΟΥΠΑ ΒΕΛΟΥΤΕ 4 ΜΕΡΙΔΕΣ, ΨΑΡΟΣΟΥΠΑ ΒΕΛΟΥΤΕ 4 ΜΕΡΙΔΕΣ, ΨΑΡΟΣΟΥΠΑ ΒΕΛΟΥΤΕ 4 ΜΕΡΙΔΕΣ, ΨΑΡΟΣΟΥΠΑ ΒΕΛΟΥΤΕ 4 ΜΕΡΙΔΕΣ, ΨΑΡΟΣΟΥΠΑ ΒΕΛΟΥΤΕ 4 ΜΕΡΙΔΕΣ",
ΨΗΤΑ ΛΑΧΑΝΙΚΑ,,ΟΡΕΚΤΙΚΑ,OIK104,"€9,0",1,,"ΨΗΤΑ ΛΑΧΑΝΙΚΑ,ΨΗΤΑ ΛΑΧΑΝΙΚΑ,ΨΗΤΑ ΛΑΧΑΝΙΚΑ","1,32","1,32","1,32",13,"0,17","0,17","1,49","1,49","1,49","4,47","5,97",,,,,ΨΗΤΑ ΛΑΧΑΝΙΚΑ,,"ΨΗΤΑ ΛΑΧΑΝΙΚΑ, ΨΗΤΑ ΛΑΧΑΝΙΚΑ, ΨΗΤΑ ΛΑΧΑΝΙΚΑ",
4 ΕΠΟΧΕΣ,U6153,ΠΙΤΣΑ,OIK512,"€11,5",1,,"4 ΕΠΟΧΕΣ,4 ΕΠΟΧΕΣ,4 ΕΠΟΧΕΣ,4 ΕΠΟΧΕΣ,4 ΕΠΟΧΕΣ,4 ΕΠΟΧΕΣ,4 ΕΠΟΧΕΣ,4 ΕΠΟΧΕΣ","1,80","3,18","3,18",13,"0,23","0,41","3,60","2,04","3,60","10,79","14,39",,,,,,,,
OIK105 RICE  VINEGAR BASE WATER ,,OIK105,OIK105,"€10,0",1,,"OIK105 RICE  VINEGAR BASE WATER ,OIK105 RICE  VINEGAR BASE WATER ,OIK105 RICE  VINEGAR BASE WATER ,OIK105 RICE  VINEGAR BASE WATER ,OIK105 RICE  VINEGAR BASE WATER ,OIK105 RICE  VINEGAR BASE WATER ,OIK105 RICE  VINEGAR BASE WATER ","2,05","2,05","2,05",13,"0,27","0,27","2,31","2,31","2,31","6,93","9,24",,,,,,,,
OIK105  RICE COOKER 5.4,,OIK105,OIK105,"€10,0",1,,"OIK105  RICE COOKER 5.4,OIK105  RICE COOKER 5.4","0,48","0,48","0,48",13,"0,06","0,06","0,55","0,55","0,55","1,64","2,19",,,,,,,,
OIK105 SPICY SAUCE ,,OIK105,OIK105,"€10,0",1,,OIK105 SPICY SAUCE ,"0,40","0,40","0,40",13,"0,05","0,05","0,45","0,45","0,45","1,35","1,80",,,,,,,,
OIK105  SESAME SAUCE,,OIK105,OIK105,"€10,0",1,,"OIK105  SESAME SAUCE,OIK105  SESAME SAUCE,OIK105  SESAME SAUCE,OIK105  SESAME SAUCE,OIK105  SESAME SAUCE","1,44","1,44","1,44",13,"0,19","0,19","1,63","1,63","1,63","4,88","6,51",,,,,,,,
OIK105 EEI SAUCE/UNAGI SAUCE,,OIK105,OIK105,"€10,0",1,,"OIK105 EEI SAUCE/UNAGI SAUCE,OIK105 EEI SAUCE/UNAGI SAUCE,OIK105 EEI SAUCE/UNAGI SAUCE,OIK105 EEI SAUCE/UNAGI SAUCE,OIK105 EEI SAUCE/UNAGI SAUCE","2,52","2,52","2,52",13,"0,33","0,33","2,84","2,84","2,84","8,53","11,38",,,,,,,,
OIK105 GYOZA SAUCE ,,OIK105,OIK105,"€10,0",1,,"OIK105 GYOZA SAUCE ,OIK105 GYOZA SAUCE ,OIK105 GYOZA SAUCE ,OIK105 GYOZA SAUCE ,OIK105 GYOZA SAUCE ","2,30","2,30","2,30",13,"0,30","0,30","2,60","2,60","2,60","7,81","10,41",,,,,,,,
OIK105 GYOZA PORK,,OIK105,OIK105,"€10,0",1,,"OIK105 GYOZA PORK,OIK105 GYOZA PORK,OIK105 GYOZA PORK,OIK105 GYOZA PORK,OIK105 GYOZA PORK,OIK105 GYOZA PORK,OIK105 GYOZA PORK,OIK105 GYOZA PORK,OIK105 GYOZA PORK,OIK105 GYOZA PORK","2,29","2,29","2,29",13,"0,30","0,30","2,59","2,59","2,59","7,77","10,36",,,,,,,,
OIK105 GYOZA VEGETALE ONLY,,OIK105,OIK105,"€10,0",1,,"OIK105 GYOZA VEGETALE ONLY,OIK105 GYOZA VEGETALE ONLY,OIK105 GYOZA VEGETALE ONLY,OIK105 GYOZA VEGETALE ONLY,OIK105 GYOZA VEGETALE ONLY,OIK105 GYOZA VEGETALE ONLY,OIK105 GYOZA VEGETALE ONLY,OIK105 GYOZA VEGETALE ONLY","1,03","1,03","1,03",13,"0,13","0,13","1,17","1,17","1,17","3,50","4,67",,,,,,,,
OIK105 SHRIMP TEMPURA ,,OIK105,OIK105,"€10,0",1,,"OIK105 SHRIMP TEMPURA ,OIK105 SHRIMP TEMPURA ,OIK105 SHRIMP TEMPURA ,OIK105 SHRIMP TEMPURA ,OIK105 SHRIMP TEMPURA ,OIK105 SHRIMP TEMPURA ","0,19","0,19","0,19",13,"0,02","0,02","0,21","0,21","0,21","0,63","0,84",,,,,,,,
OIK105 TENTSUYU TEMPURA SAUCE,,OIK105,OIK105,"€10,0",1,,"OIK105 TENTSUYU TEMPURA SAUCE,OIK105 TENTSUYU TEMPURA SAUCE","0,75","0,75","0,75",13,"0,10","0,10","0,85","0,85","0,85","2,56","3,41",,,,,,,,
OIK105 DASHI SOUP ,,OIK105,OIK105,"€10,0",1,,"OIK105 DASHI SOUP ,OIK105 DASHI SOUP ","1,01","1,01","1,01",13,"0,13","0,13","1,14","1,14","1,14","3,42","4,56",,,,,,,,
OIK105 SHASHIMI ,,OIK105,OIK105,"€10,0",1,,OIK105 SHASHIMI ,"0,00","0,00","0,00",13,"0,00","0,00","0,00","0,00","0,00","0,00","0,00",,,,,,,,
OIK105 SALMON TARTARE ,,OIK105,OIK105,"€10,0",1,,"OIK105 SALMON TARTARE ,OIK105 SALMON TARTARE ,OIK105 SALMON TARTARE ,OIK105 SALMON TARTARE ,OIK105 SALMON TARTARE ,OIK105 SALMON TARTARE ,OIK105 SALMON TARTARE ","0,83","0,83","0,83",13,"0,11","0,11","0,94","0,94","0,94","2,82","3,76",,,,,,,,
OIK105 SEABASS ROLL,,OIK105,OIK105,"€10,0",1,,"OIK105 SEABASS ROLL,OIK105 SEABASS ROLL,OIK105 SEABASS ROLL,OIK105 SEABASS ROLL","0,56","0,56","0,56",13,"0,07","0,07","0,63","0,63","0,63","1,90","2,53",,,,,,,,
OIK105 MANGO VEGETABLE ,,OIK105,OIK105,"€10,0",1,,"OIK105 MANGO VEGETABLE ,OIK105 MANGO VEGETABLE ,OIK105 MANGO VEGETABLE ","0,56","0,56","0,56",13,"0,07","0,07","0,63","0,63","0,63","1,89","2,52",,,,,,,,
OIK105 AVOCADO VEGETABLE ,,OIK105,OIK105,"€10,0",1,,"OIK105 AVOCADO VEGETABLE ,OIK105 AVOCADO VEGETABLE ,OIK105 AVOCADO VEGETABLE ","0,52","0,52","0,52",13,"0,07","0,07","0,59","0,59","0,59","1,77","2,36",,,,,,,,
OIK105 N BITE MAKI,,OIK105,OIK105,"€10,0",1,,OIK105 N BITE MAKI,"0,22","0,22","0,22",13,"0,03","0,03","0,25","0,25","0,25","0,74","0,99",,,,,,,,
OIK105 NIGIRI ,,OIK105,OIK105,"€10,0",1,,"OIK105 NIGIRI ,OIK105 NIGIRI ","0,10","0,10","0,10",13,"0,01","0,01","0,12","0,12","0,12","0,35","0,47",,,,,,,,
OIK105 FRIED SPRING ROLLS CHICKEN,,OIK105,OIK105,"€10,0",1,,"OIK105 FRIED SPRING ROLLS CHICKEN,OIK105 FRIED SPRING ROLLS CHICKEN,OIK105 FRIED SPRING ROLLS CHICKEN,OIK105 FRIED SPRING ROLLS CHICKEN,OIK105 FRIED SPRING ROLLS CHICKEN,OIK105 FRIED SPRING ROLLS CHICKEN,OIK105 FRIED SPRING ROLLS CHICKEN,OIK105 FRIED SPRING ROLLS CHICKEN,OIK105 FRIED SPRING ROLLS CHICKEN,OIK105 FRIED SPRING ROLLS CHICKEN,OIK105 FRIED SPRING ROLLS CHICKEN,OIK105 FRIED SPRING ROLLS CHICKEN,OIK105 FRIED SPRING ROLLS CHICKEN,OIK105 FRIED SPRING ROLLS CHICKEN,OIK105 FRIED SPRING ROLLS CHICKEN,OIK105 FRIED SPRING ROLLS CHICKEN","7,28","7,28","7,28",13,"0,95","0,95","8,23","8,23","8,23","24,68","32,91",,,,,,,,
OIK105 CALIFORNIA ROLLS ,,OIK105,OIK105,"€10,0",1,,OIK105 CALIFORNIA ROLLS ,"0,11","0,11","0,11",13,"0,01","0,01","0,12","0,12","0,12","0,36","0,48",,,,,,,,
OIK105  CRUNCY SPICY SALMON,,OIK105,OIK105,"€10,0",1,,OIK105  CRUNCY SPICY SALMON,"0,44","0,44","0,44",13,"0,06","0,06","0,49","0,49","0,49","1,48","1,98",,,,,,,,
OIK105 MANGO ROLLS,,OIK105,OIK105,"€10,0",1,,"OIK105 MANGO ROLLS,OIK105 MANGO ROLLS,OIK105 MANGO ROLLS","0,95","0,95","0,95",13,"0,12","0,12","1,08","1,08","1,08","3,23","4,30",,,,,,,,
OIK105 FRIED SPRING ROLLS VEGETABLE,,OIK105,OIK105,"€10,0",1,,"OIK105 FRIED SPRING ROLLS VEGETABLE,OIK105 FRIED SPRING ROLLS VEGETABLE,OIK105 FRIED SPRING ROLLS VEGETABLE,OIK105 FRIED SPRING ROLLS VEGETABLE,OIK105 FRIED SPRING ROLLS VEGETABLE,OIK105 FRIED SPRING ROLLS VEGETABLE,OIK105 FRIED SPRING ROLLS VEGETABLE,OIK105 FRIED SPRING ROLLS VEGETABLE,OIK105 FRIED SPRING ROLLS VEGETABLE,OIK105 FRIED SPRING ROLLS VEGETABLE,OIK105 FRIED SPRING ROLLS VEGETABLE,OIK105 FRIED SPRING ROLLS VEGETABLE,OIK105 FRIED SPRING ROLLS VEGETABLE,OIK105 FRIED SPRING ROLLS VEGETABLE,OIK105 FRIED SPRING ROLLS VEGETABLE","2,48","2,48","2,48",13,"0,32","0,32","2,80","2,80","2,80","8,41","11,21",,,,,,,,
OIK105-RECIPE-024  ,,OIK105,OIK105,"€10,0",1,,OIK105-RECIPE-024  ,"0,00","0,00","0,00",13,"0,00","0,00","0,00","0,00","0,00","0,00","0,00",,,,,,,,
OIK105-RECIPE-025  ,,OIK105,OIK105,"€10,0",1,,OIK105-RECIPE-025  ,"0,00","0,00","0,00",13,"0,00","0,00","0,00","0,00","0,00","0,00","0,00",,,,,,,,
OIK105-RECIPE-026  ,,OIK105,OIK105,"€10,0",1,,OIK105-RECIPE-026  ,"0,00","0,00","0,00",13,"0,00","0,00","0,00","0,00","0,00","0,00","0,00",,,,,,,,
OIK105-RECIPE-027  ,,OIK105,OIK105,"€10,0",1,,OIK105-RECIPE-027  ,"0,00","0,00","0,00",13,"0,00","0,00","0,00","0,00","0,00","0,00","0,00",,,,,,,,
OIK105-RECIPE-028  ,,OIK105,OIK105,"€10,0",1,,OIK105-RECIPE-028  ,"0,00","0,00","0,00",13,"0,00","0,00","0,00","0,00","0,00","0,00","0,00",,,,,,,,
OIK105-RECIPE-029  ,,OIK105,OIK105,"€10,0",1,,OIK105-RECIPE-029  ,"0,00","0,00","0,00",13,"0,00","0,00","0,00","0,00","0,00","0,00","0,00",,,,,,,,
OIK105-RECIPE-030  ,,OIK105,OIK105,"€10,0",1,,OIK105-RECIPE-030  ,"0,00","0,00","0,00",13,"0,00","0,00","0,00","0,00","0,00","0,00","0,00",,,,,,,,
OIK105-RECIPE-031  ,,OIK105,OIK105,"€10,0",1,,OIK105-RECIPE-031  ,"0,00","0,00","0,00",13,"0,00","0,00","0,00","0,00","0,00","0,00","0,00",,,,,,,,
OIK105-RECIPE-032  ,,OIK105,OIK105,"€10,0",1,,OIK105-RECIPE-032  ,"0,00","0,00","0,00",13,"0,00","0,00","0,00","0,00","0,00","0,00","0,00",,,,,,,,
OIK105-RECIPE-033  ,,OIK105,OIK105,"€10,0",1,,OIK105-RECIPE-033  ,"0,00","0,00","0,00",13,"0,00","0,00","0,00","0,00","0,00","0,00","0,00",,,,,,,,
OIK105-RECIPE-034  ,,OIK105,OIK105,"€10,0",1,,OIK105-RECIPE-034  ,"0,00","0,00","0,00",13,"0,00","0,00","0,00","0,00","0,00","0,00","0,00",,,,,,,,
OIK105-RECIPE-035  ,,OIK105,OIK105,"€10,0",1,,OIK105-RECIPE-035  ,"0,00","0,00","0,00",13,"0,00","0,00","0,00","0,00","0,00","0,00","0,00",,,,,,,,
OIK105-RECIPE-036  ,,OIK105,OIK105,"€10,0",1,,OIK105-RECIPE-036  ,"0,00","0,00","0,00",13,"0,00","0,00","0,00","0,00","0,00","0,00","0,00",,,,,,,,
OIK105-RECIPE-037  ,,OIK105,OIK105,"€10,0",1,,OIK105-RECIPE-037  ,"0,00","0,00","0,00",13,"0,00","0,00","0,00","0,00","0,00","0,00","0,00",,,,,,,,
OIK105-RECIPE-038  ,,OIK105,OIK105,"€10,0",1,,OIK105-RECIPE-038  ,"0,00","0,00","0,00",13,"0,00","0,00","0,00","0,00","0,00","0,00","0,00",,,,,,,,
OIK105-RECIPE-039  ,,OIK105,OIK105,"€10,0",1,,OIK105-RECIPE-039  ,"0,00","0,00","0,00",13,"0,00","0,00","0,00","0,00","0,00","0,00","0,00",,,,,,,,
OIK105-RECIPE-040  ,,OIK105,OIK105,"€10,0",1,,OIK105-RECIPE-040  ,"0,00","0,00","0,00",13,"0,00","0,00","0,00","0,00","0,00","0,00","0,00",,,,,,,,
OIK105-RECIPE-041,,OIK105,OIK105,"€10,0",1,,OIK105-RECIPE-041,"0,00","0,00","0,00",13,"0,00","0,00","0,00","0,00","0,00","0,00","0,00",,,,,,,,
OIK105-RECIPE-017,,OIK105,OIK105,,1,,,"0,00","0,00","0,00",13,"0,00","0,00","0,00","0,00","0,00","0,00","0,00",,,,,,,,
OIK105-RECIPE-018,,OIK105,OIK105,,1,,,"0,00","0,00","0,00",13,"0,00","0,00","0,00","0,00","0,00","0,00","0,00",,,,,,,,
OIK105-RECIPE-019,,OIK105,OIK105,,1,,,"0,00","0,00","0,00",13,"0,00","0,00","0,00","0,00","0,00","0,00","0,00",,,,,,,,
OIK105-RECIPE-020,,OIK105,OIK105,,1,,,"0,00","0,00","0,00",13,"0,00","0,00","0,00","0,00","0,00","0,00","0,00",,,,,,,,
OIK105-RECIPE-021,,OIK105,OIK105,,1,,,"0,00","0,00","0,00",13,"0,00","0,00","0,00","0,00","0,00","0,00","0,00",,,,,,,,
OIK105-RECIPE-022,,OIK105,OIK105,,1,,,"0,00","0,00","0,00",13,"0,00","0,00","0,00","0,00","0,00","0,00","0,00",,,,,,,,
OIK105-RECIPE-023,,OIK105,OIK105,,1,,,"0,00","0,00","0,00",13,"0,00","0,00","0,00","0,00","0,00","0,00","0,00",,,,,,,,
OIK105-RECIPE-024,,OIK105,OIK105,,1,,,"0,00","0,00","0,00",13,"0,00","0,00","0,00","0,00","0,00","0,00","0,00",,,,,,,,
OIK105-RECIPE-025,,OIK105,OIK105,,1,,,"0,00","0,00","0,00",13,"0,00","0,00","0,00","0,00","0,00","0,00","0,00",,,,,,,,
OIK105-RECIPE-026,,OIK105,OIK105,,1,,,"0,00","0,00","0,00",13,"0,00","0,00","0,00","0,00","0,00","0,00","0,00",,,,,,,,
OIK105-RECIPE-027,,OIK105,OIK105,,1,,,"0,00","0,00","0,00",13,"0,00","0,00","0,00","0,00","0,00","0,00","0,00",,,,,,,,
OIK105-RECIPE-028,,OIK105,OIK105,,1,,,"0,00","0,00","0,00",13,"0,00","0,00","0,00","0,00","0,00","0,00","0,00",,,,,,,,
OIK105-RECIPE-029,,OIK105,OIK105,,1,,,"0,00","0,00","0,00",13,"0,00","0,00","0,00","0,00","0,00","0,00","0,00",,,,,,,,
OIK105-RECIPE-030,,OIK105,OIK105,,1,,,"0,00","0,00","0,00",13,"0,00","0,00","0,00","0,00","0,00","0,00","0,00",,,,,,,,
OIK105-RECIPE-031,,OIK105,OIK105,,1,,,"0,00","0,00","0,00",13,"0,00","0,00","0,00","0,00","0,00","0,00","0,00",,,,,,,,
OIK105-RECIPE-032,,OIK105,OIK105,,1,,,"0,00","0,00","0,00",13,"0,00","0,00","0,00","0,00","0,00","0,00","0,00",,,,,,,,
OIK105-RECIPE-033,,OIK105,OIK105,,1,,,"0,00","0,00","0,00",13,"0,00","0,00","0,00","0,00","0,00","0,00","0,00",,,,,,,,
OIK105-RECIPE-034,,OIK105,OIK105,,1,,,"0,00","0,00","0,00",13,"0,00","0,00","0,00","0,00","0,00","0,00","0,00",,,,,,,,
OIK105-RECIPE-035,,OIK105,OIK105,,1,,,"0,00","0,00","0,00",13,"0,00","0,00","0,00","0,00","0,00","0,00","0,00",,,,,,,,
OIK105-RECIPE-036,,OIK105,OIK105,,1,,,"0,00","0,00","0,00",13,"0,00","0,00","0,00","0,00","0,00","0,00","0,00",,,,,,,,
OIK105-RECIPE-037,,OIK105,OIK105,,1,,,"0,00","0,00","0,00",13,"0,00","0,00","0,00","0,00","0,00","0,00","0,00",,,,,,,,
OIK105-RECIPE-038,,OIK105,OIK105,,1,,,"0,00","0,00","0,00",13,"0,00","0,00","0,00","0,00","0,00","0,00","0,00",,,,,,,,
OIK105-RECIPE-039,,OIK105,OIK105,,1,,,"0,00","0,00","0,00",13,"0,00","0,00","0,00","0,00","0,00","0,00","0,00",,,,,,,,
OIK105-RECIPE-040,,OIK105,OIK105,,1,,,"0,00","0,00","0,00",13,"0,00","0,00","0,00","0,00","0,00","0,00","0,00",,,,,,,,
OIK104 2026 RECIPE-001,,,OIK104 2026,"€0,0",1,,,"0,00","0,00","0,00",13,"0,00","0,00","0,00","0,00","0,00","0,00","0,00",,,,,,,,
OIK104 2026 RECIPE-002,,,OIK104 2026,,1,,,"0,00","0,00","0,00",13,"0,00","0,00","0,00","0,00","0,00","0,00","0,00",,,,,,,,
OIK104 2026 RECIPE-003,,,OIK104 2026,,1,,,"0,00","0,00","0,00",13,"0,00","0,00","0,00","0,00","0,00","0,00","0,00",,,,,,,,
OIK104 2026 RECIPE-004,,,OIK104 2026,,1,,,"0,00","0,00","0,00",13,"0,00","0,00","0,00","0,00","0,00","0,00","0,00",,,,,,,,
OIK104 2026 RECIPE-005,,,OIK104 2026,,1,,,"0,00","0,00","0,00",13,"0,00","0,00","0,00","0,00","0,00","0,00","0,00",,,,,,,,
OIK104 2026 RECIPE-006,,,OIK104 2026,,1,,,"0,00","0,00","0,00",13,"0,00","0,00","0,00","0,00","0,00","0,00","0,00",,,,,,,,
OIK104 2026 RECIPE-007,,,OIK104 2026,,1,,,"0,00","0,00","0,00",13,"0,00","0,00","0,00","0,00","0,00","0,00","0,00",,,,,,,,
OIK104 2026 RECIPE-008,,,OIK104 2026,,1,,,"0,00","0,00","0,00",13,"0,00","0,00","0,00","0,00","0,00","0,00","0,00",,,,,,,,
OIK104 2026 RECIPE-009,,,OIK104 2026,,1,,,"0,00","0,00","0,00",13,"0,00","0,00","0,00","0,00","0,00","0,00","0,00",,,,,,,,
OIK104 2026 RECIPE-010,,,OIK104 2026,,1,,,"0,00","0,00","0,00",13,"0,00","0,00","0,00","0,00","0,00","0,00","0,00",,,,,,,,
OIK104 2026 RECIPE-011,,,OIK104 2026,,1,,,"0,00","0,00","0,00",13,"0,00","0,00","0,00","0,00","0,00","0,00","0,00",,,,,,,,
OIK104 2026 RECIPE-012,,,OIK104 2026,,1,,,"0,00","0,00","0,00",13,"0,00","0,00","0,00","0,00","0,00","0,00","0,00",,,,,,,,
OIK104 2026 RECIPE-013,,,OIK104 2026,,1,,,"0,00","0,00","0,00",13,"0,00","0,00","0,00","0,00","0,00","0,00","0,00",,,,,,,,
OIK104 2026 RECIPE-014,,,OIK104 2026,,1,,,"0,00","0,00","0,00",13,"0,00","0,00","0,00","0,00","0,00","0,00","0,00",,,,,,,,
OIK104 2026 RECIPE-015,,,OIK104 2026,,1,,,"0,00","0,00","0,00",13,"0,00","0,00","0,00","0,00","0,00","0,00","0,00",,,,,,,,
OIK104 2026 RECIPE-016,,,OIK104 2026,,1,,,"0,00","0,00","0,00",13,"0,00","0,00","0,00","0,00","0,00","0,00","0,00",,,,,,,,
OIK104 2026 RECIPE-017,,,OIK104 2026,,1,,,"0,00","0,00","0,00",13,"0,00","0,00","0,00","0,00","0,00","0,00","0,00",,,,,,,,
OIK104 2026 RECIPE-018,,,OIK104 2026,,1,,,"0,00","0,00","0,00",13,"0,00","0,00","0,00","0,00","0,00","0,00","0,00",,,,,,,,
OIK104 2026 RECIPE-019,,,OIK104 2026,,1,,,"0,00","0,00","0,00",13,"0,00","0,00","0,00","0,00","0,00","0,00","0,00",,,,,,,,
OIK104 2026 RECIPE-020,,,OIK104 2026,,1,,,"0,00","0,00","0,00",13,"0,00","0,00","0,00","0,00","0,00","0,00","0,00",,,,,,,,
OIK104 2026 RECIPE-021,,,OIK104 2026,,1,,,"0,00","0,00","0,00",13,"0,00","0,00","0,00","0,00","0,00","0,00","0,00",,,,,,,,
OIK104 2026 RECIPE-022,,,OIK104 2026,,1,,,"0,00","0,00","0,00",13,"0,00","0,00","0,00","0,00","0,00","0,00","0,00",,,,,,,,
OIK104 2026 RECIPE-023,,,OIK104 2026,,1,,,"0,00","0,00","0,00",13,"0,00","0,00","0,00","0,00","0,00","0,00","0,00",,,,,,,,
OIK104 2026 RECIPE-024,,,OIK104 2026,,1,,,"0,00","0,00","0,00",13,"0,00","0,00","0,00","0,00","0,00","0,00","0,00",,,,,,,,
OIK104 2026 RECIPE-025,,,OIK104 2026,,1,,,"0,00","0,00","0,00",13,"0,00","0,00","0,00","0,00","0,00","0,00","0,00",,,,,,,,
OIK104 2026 RECIPE-026,,,OIK104 2026,,1,,,"0,00","0,00","0,00",13,"0,00","0,00","0,00","0,00","0,00","0,00","0,00",,,,,,,,
OIK104 2026 RECIPE-027,,,OIK104 2026,,1,,,"0,00","0,00","0,00",13,"0,00","0,00","0,00","0,00","0,00","0,00","0,00",,,,,,,,
OIK104 2026 RECIPE-028,,,OIK104 2026,,1,,,"0,00","0,00","0,00",13,"0,00","0,00","0,00","0,00","0,00","0,00","0,00",,,,,,,,
OIK104 2026 RECIPE-029,,,OIK104 2026,,1,,,"0,00","0,00","0,00",13,"0,00","0,00","0,00","0,00","0,00","0,00","0,00",,,,,,,,
OIK104 2026 RECIPE-030,,,OIK104 2026,,1,,,"0,00","0,00","0,00",13,"0,00","0,00","0,00","0,00","0,00","0,00","0,00",,,,,,,,
OIK104 2026 RECIPE-031,,,OIK104 2026,,1,,,"0,00","0,00","0,00",13,"0,00","0,00","0,00","0,00","0,00","0,00","0,00",,,,,,,,
OIK104 2026 RECIPE-032,,,OIK104 2026,,1,,,"0,00","0,00","0,00",13,"0,00","0,00","0,00","0,00","0,00","0,00","0,00",,,,,,,,
OIK104 2026 RECIPE-033,,,OIK104 2026,,1,,,"0,00","0,00","0,00",13,"0,00","0,00","0,00","0,00","0,00","0,00","0,00",,,,,,,,
OIK104 2026 RECIPE-034,,,OIK104 2026,,1,,,"0,00","0,00","0,00",13,"0,00","0,00","0,00","0,00","0,00","0,00","0,00",,,,,,,,
OIK104 2026 RECIPE-035,,,OIK104 2026,,1,,,"0,00","0,00","0,00",13,"0,00","0,00","0,00","0,00","0,00","0,00","0,00",,,,,,,,
OIK104 2026 RECIPE-036,,,OIK104 2026,,1,,,"0,00","0,00","0,00",13,"0,00","0,00","0,00","0,00","0,00","0,00","0,00",,,,,,,,
OIK104 2026 RECIPE-037,,,OIK104 2026,,1,,,"0,00","0,00","0,00",13,"0,00","0,00","0,00","0,00","0,00","0,00","0,00",,,,,,,,
OIK104 2026 RECIPE-038,,,OIK104 2026,,1,,,"0,00","0,00","0,00",13,"0,00","0,00","0,00","0,00","0,00","0,00","0,00",,,,,,,,
OIK104 2026 RECIPE-039,,,OIK104 2026,,1,,,"0,00","0,00","0,00",13,"0,00","0,00","0,00","0,00","0,00","0,00","0,00",,,,,,,,
OIK104 2026 RECIPE-040,,,OIK104 2026,,1,,,"0,00","0,00","0,00",13,"0,00","0,00","0,00","0,00","0,00","0,00","0,00",,,,,,,,
OIK104 2026 RECIPE-041,,,OIK104 2026,,1,,,"0,00","0,00","0,00",13,"0,00","0,00","0,00","0,00","0,00","0,00","0,00",,,,,,,,
OIK104 2026 RECIPE-042,,,OIK104 2026,,1,,,"0,00","0,00","0,00",13,"0,00","0,00","0,00","0,00","0,00","0,00","0,00",,,,,,,,
OIK104 2026 RECIPE-043,,,OIK104 2026,,1,,,"0,00","0,00","0,00",13,"0,00","0,00","0,00","0,00","0,00","0,00","0,00",,,,,,,,
OIK104 2026 RECIPE-044,,,OIK104 2026,,1,,,"0,00","0,00","0,00",13,"0,00","0,00","0,00","0,00","0,00","0,00","0,00",,,,,,,,
OIK104 2026 RECIPE-045,,,OIK104 2026,,1,,,"0,00","0,00","0,00",13,"0,00","0,00","0,00","0,00","0,00","0,00","0,00",,,,,,,,
OIK104 2026 RECIPE-046,,,OIK104 2026,,1,,,"0,00","0,00","0,00",13,"0,00","0,00","0,00","0,00","0,00","0,00","0,00",,,,,,,,
OIK104 2026 RECIPE-047,,,OIK104 2026,,1,,,"0,00","0,00","0,00",13,"0,00","0,00","0,00","0,00","0,00","0,00","0,00",,,,,,,,
OIK104 2026 RECIPE-048,,,OIK104 2026,,1,,,"0,00","0,00","0,00",13,"0,00","0,00","0,00","0,00","0,00","0,00","0,00",,,,,,,,
OIK104 2026 RECIPE-049,,,OIK104 2026,,1,,,"0,00","0,00","0,00",13,"0,00","0,00","0,00","0,00","0,00","0,00","0,00",,,,,,,,
OIK104 2026 RECIPE-050,,,OIK104 2026,,1,,,"0,00","0,00","0,00",13,"0,00","0,00","0,00","0,00","0,00","0,00","0,00",,,,,,,,